
*** Running vivado
    with args -log design_1_wrapper.vdi -applog -m64 -product Vivado -messageDb vivado.pb -mode batch -source design_1_wrapper.tcl -notrace


****** Vivado v2018.3.1 (64-bit)
  **** SW Build 2489853 on Tue Mar 26 04:20:25 MDT 2019
  **** IP Build 2486929 on Tue Mar 26 06:44:21 MDT 2019
    ** Copyright 1986-2019 Xilinx, Inc. All Rights Reserved.

source design_1_wrapper.tcl -notrace
Command: open_checkpoint C:/Users/khanm/AppData/Roaming/Xilinx/Vivado/proj/DDR_GOLDEN/DDR_GOLDEN.runs/impl_1/design_1_wrapper.dcp

Starting open_checkpoint Task

Time (s): cpu = 00:00:00 ; elapsed = 00:00:00.027 . Memory (MB): peak = 247.633 ; gain = 0.000
INFO: [Netlist 29-17] Analyzing 1180 Unisim elements for replacement
INFO: [Netlist 29-28] Unisim Transformation completed in 1 CPU seconds
INFO: [Project 1-479] Netlist was created with Vivado 2018.3.1
INFO: [Device 21-403] Loading part xc7a100tcsg324-1
INFO: [Project 1-570] Preparing netlist for logic optimization
INFO: [Timing 38-478] Restoring timing data from binary archive.
INFO: [Timing 38-479] Binary timing data restore complete.
INFO: [Project 1-856] Restoring constraints from binary archive.
INFO: [Project 1-853] Binary constraint restore complete.
Reading XDEF placement.
Reading placer database...
Reading XDEF routing.
Read XDEF File: Time (s): cpu = 00:00:00 ; elapsed = 00:00:00.082 . Memory (MB): peak = 1356.836 ; gain = 0.000
Restored from archive | CPU: 0.000000 secs | Memory: 0.000000 MB |
Finished XDEF File Restore: Time (s): cpu = 00:00:00 ; elapsed = 00:00:00.083 . Memory (MB): peak = 1356.836 ; gain = 0.000
Netlist sorting complete. Time (s): cpu = 00:00:00 ; elapsed = 00:00:00.022 . Memory (MB): peak = 1356.836 ; gain = 0.000
INFO: [Project 1-111] Unisim Transformation Summary:
  A total of 363 instances were transformed.
  IOBUFDS_INTERMDISABLE => IOBUFDS_INTERMDISABLE (IBUFDS_INTERMDISABLE_INT, IBUFDS_INTERMDISABLE_INT, INV, OBUFTDS, OBUFTDS): 2 instances
  IOBUF_INTERMDISABLE => IOBUF_INTERMDISABLE (IBUF_INTERMDISABLE, OBUFT): 16 instances
  LUT6_2 => LUT6_2 (LUT5, LUT6): 88 instances
  OBUFDS => OBUFDS_DUAL_BUF (INV, OBUFDS, OBUFDS): 1 instances
  RAM16X1D => RAM32X1D (RAMD32, RAMD32): 32 instances
  RAM32M => RAM32M (RAMD32, RAMD32, RAMD32, RAMD32, RAMD32, RAMD32, RAMS32, RAMS32): 192 instances
  RAM32X1D => RAM32X1D (RAMD32, RAMD32): 32 instances

INFO: [Project 1-604] Checkpoint was created with Vivado v2018.3.1 (64-bit) build 2489853
open_checkpoint: Time (s): cpu = 00:00:17 ; elapsed = 00:00:19 . Memory (MB): peak = 1356.836 ; gain = 1109.203
INFO: [IP_Flow 19-234] Refreshing IP repositories
INFO: [IP_Flow 19-1700] Loaded user IP repository 'c:/Users/khanm/AppData/Roaming/Xilinx/Vivado/proj/mem'.
INFO: [IP_Flow 19-1700] Loaded user IP repository 'c:/Users/khanm/AppData/Roaming/Xilinx/Vivado/proj/DDR_GOLDEN/bram_test'.
INFO: [IP_Flow 19-2313] Loaded Vivado IP repository 'C:/Xilinx/Vivado/2018.3/data/ip'.
Command: opt_design
Attempting to get a license for feature 'Implementation' and/or device 'xc7a100t'
INFO: [Common 17-349] Got license for feature 'Implementation' and/or device 'xc7a100t'
Running DRC as a precondition to command opt_design

Starting DRC Task
INFO: [DRC 23-27] Running DRC with 2 threads
INFO: [Project 1-461] DRC finished with 0 Errors
INFO: [Project 1-462] Please refer to the DRC report (report_drc) for more information.

Time (s): cpu = 00:00:01 ; elapsed = 00:00:00.845 . Memory (MB): peak = 1356.836 ; gain = 0.000

Starting Cache Timing Information Task
INFO: [Timing 38-35] Done setting XDC timing constraints.
Ending Cache Timing Information Task | Checksum: 1570c3db0

Time (s): cpu = 00:00:02 ; elapsed = 00:00:01 . Memory (MB): peak = 1444.758 ; gain = 87.727

Starting Logic Optimization Task

Phase 1 Generate And Synthesize Debug Cores
INFO: [Chipscope 16-329] Generating Script for core instance : dbg_hub 
INFO: [IP_Flow 19-3806] Processing IP xilinx.com:ip:xsdbm:3.0 for cell dbg_hub_CV.
INFO: [Chipscope 16-329] Generating Script for core instance : u_ila_0 
INFO: [IP_Flow 19-3806] Processing IP xilinx.com:ip:ila:6.2 for cell u_ila_0_CV.
INFO: [Chipscope 16-220] Re-using generated and synthesized IP, "xilinx.com:ip:xsdbm:3.0", from Vivado IP cache entry "4d441320aa3056f6".
Netlist sorting complete. Time (s): cpu = 00:00:00 ; elapsed = 00:00:00.127 . Memory (MB): peak = 1620.574 ; gain = 0.000
Phase 1 Generate And Synthesize Debug Cores | Checksum: 11143b4c6

Time (s): cpu = 00:00:07 ; elapsed = 00:01:58 . Memory (MB): peak = 1620.574 ; gain = 78.832

Phase 2 Retarget
INFO: [Opt 31-138] Pushed 8 inverter(s) to 15 load pin(s).
INFO: [Opt 31-49] Retargeted 0 cell(s).
Phase 2 Retarget | Checksum: 9a64abff

Time (s): cpu = 00:00:10 ; elapsed = 00:02:00 . Memory (MB): peak = 1620.574 ; gain = 78.832
INFO: [Opt 31-389] Phase Retarget created 348 cells and removed 514 cells
INFO: [Opt 31-1021] In phase Retarget, 289 netlist objects are constrained preventing optimization. Please run opt_design with -debug_log to get more detail. 

Phase 3 Constant propagation
INFO: [Opt 31-138] Pushed 18 inverter(s) to 70 load pin(s).
Phase 3 Constant propagation | Checksum: 7ce02bd6

Time (s): cpu = 00:00:13 ; elapsed = 00:02:03 . Memory (MB): peak = 1620.574 ; gain = 78.832
INFO: [Opt 31-389] Phase Constant propagation created 2196 cells and removed 6755 cells
INFO: [Opt 31-1021] In phase Constant propagation, 242 netlist objects are constrained preventing optimization. Please run opt_design with -debug_log to get more detail. 

Phase 4 Sweep
WARNING: [Opt 31-233] Net with MARK_DEBUG TRUE property was optimized: design_1_i/axi_bram_ctrl_0/s_axi_awaddr[0]
Resolution: To prevent optimization apply the following XDC constraint before opt_design: set_property DONT_TOUCH TRUE [get_nets design_1_i/axi_bram_ctrl_0/s_axi_awaddr[0]]
WARNING: [Opt 31-233] Net with MARK_DEBUG TRUE property was optimized: design_1_i/axi_bram_ctrl_0/s_axi_awaddr[1]
Resolution: To prevent optimization apply the following XDC constraint before opt_design: set_property DONT_TOUCH TRUE [get_nets design_1_i/axi_bram_ctrl_0/s_axi_awaddr[1]]
WARNING: [Opt 31-233] Net with MARK_DEBUG TRUE property was optimized: design_1_i/mem_controller_0/M_AXI_AWADDR[0]
Resolution: To prevent optimization apply the following XDC constraint before opt_design: set_property DONT_TOUCH TRUE [get_nets design_1_i/mem_controller_0/M_AXI_AWADDR[0]]
WARNING: [Opt 31-233] Net with MARK_DEBUG TRUE property was optimized: design_1_i/mem_controller_0/M_AXI_AWADDR[10]
Resolution: To prevent optimization apply the following XDC constraint before opt_design: set_property DONT_TOUCH TRUE [get_nets design_1_i/mem_controller_0/M_AXI_AWADDR[10]]
WARNING: [Opt 31-233] Net with MARK_DEBUG TRUE property was optimized: design_1_i/mem_controller_0/M_AXI_AWADDR[11]
Resolution: To prevent optimization apply the following XDC constraint before opt_design: set_property DONT_TOUCH TRUE [get_nets design_1_i/mem_controller_0/M_AXI_AWADDR[11]]
WARNING: [Opt 31-233] Net with MARK_DEBUG TRUE property was optimized: design_1_i/mem_controller_0/M_AXI_AWADDR[12]
Resolution: To prevent optimization apply the following XDC constraint before opt_design: set_property DONT_TOUCH TRUE [get_nets design_1_i/mem_controller_0/M_AXI_AWADDR[12]]
WARNING: [Opt 31-233] Net with MARK_DEBUG TRUE property was optimized: design_1_i/mem_controller_0/M_AXI_AWADDR[13]
Resolution: To prevent optimization apply the following XDC constraint before opt_design: set_property DONT_TOUCH TRUE [get_nets design_1_i/mem_controller_0/M_AXI_AWADDR[13]]
WARNING: [Opt 31-233] Net with MARK_DEBUG TRUE property was optimized: design_1_i/mem_controller_0/M_AXI_AWADDR[14]
Resolution: To prevent optimization apply the following XDC constraint before opt_design: set_property DONT_TOUCH TRUE [get_nets design_1_i/mem_controller_0/M_AXI_AWADDR[14]]
WARNING: [Opt 31-233] Net with MARK_DEBUG TRUE property was optimized: design_1_i/mem_controller_0/M_AXI_AWADDR[15]
Resolution: To prevent optimization apply the following XDC constraint before opt_design: set_property DONT_TOUCH TRUE [get_nets design_1_i/mem_controller_0/M_AXI_AWADDR[15]]
WARNING: [Opt 31-233] Net with MARK_DEBUG TRUE property was optimized: design_1_i/mem_controller_0/M_AXI_AWADDR[16]
Resolution: To prevent optimization apply the following XDC constraint before opt_design: set_property DONT_TOUCH TRUE [get_nets design_1_i/mem_controller_0/M_AXI_AWADDR[16]]
WARNING: [Opt 31-233] Net with MARK_DEBUG TRUE property was optimized: design_1_i/mem_controller_0/M_AXI_AWADDR[17]
Resolution: To prevent optimization apply the following XDC constraint before opt_design: set_property DONT_TOUCH TRUE [get_nets design_1_i/mem_controller_0/M_AXI_AWADDR[17]]
WARNING: [Opt 31-233] Net with MARK_DEBUG TRUE property was optimized: design_1_i/mem_controller_0/M_AXI_AWADDR[18]
Resolution: To prevent optimization apply the following XDC constraint before opt_design: set_property DONT_TOUCH TRUE [get_nets design_1_i/mem_controller_0/M_AXI_AWADDR[18]]
WARNING: [Opt 31-233] Net with MARK_DEBUG TRUE property was optimized: design_1_i/mem_controller_0/M_AXI_AWADDR[19]
Resolution: To prevent optimization apply the following XDC constraint before opt_design: set_property DONT_TOUCH TRUE [get_nets design_1_i/mem_controller_0/M_AXI_AWADDR[19]]
WARNING: [Opt 31-233] Net with MARK_DEBUG TRUE property was optimized: design_1_i/mem_controller_0/M_AXI_AWADDR[1]
Resolution: To prevent optimization apply the following XDC constraint before opt_design: set_property DONT_TOUCH TRUE [get_nets design_1_i/mem_controller_0/M_AXI_AWADDR[1]]
WARNING: [Opt 31-233] Net with MARK_DEBUG TRUE property was optimized: design_1_i/mem_controller_0/M_AXI_AWADDR[20]
Resolution: To prevent optimization apply the following XDC constraint before opt_design: set_property DONT_TOUCH TRUE [get_nets design_1_i/mem_controller_0/M_AXI_AWADDR[20]]
WARNING: [Opt 31-233] Net with MARK_DEBUG TRUE property was optimized: design_1_i/mem_controller_0/M_AXI_AWADDR[21]
Resolution: To prevent optimization apply the following XDC constraint before opt_design: set_property DONT_TOUCH TRUE [get_nets design_1_i/mem_controller_0/M_AXI_AWADDR[21]]
WARNING: [Opt 31-233] Net with MARK_DEBUG TRUE property was optimized: design_1_i/mem_controller_0/M_AXI_AWADDR[22]
Resolution: To prevent optimization apply the following XDC constraint before opt_design: set_property DONT_TOUCH TRUE [get_nets design_1_i/mem_controller_0/M_AXI_AWADDR[22]]
WARNING: [Opt 31-233] Net with MARK_DEBUG TRUE property was optimized: design_1_i/mem_controller_0/M_AXI_AWADDR[23]
Resolution: To prevent optimization apply the following XDC constraint before opt_design: set_property DONT_TOUCH TRUE [get_nets design_1_i/mem_controller_0/M_AXI_AWADDR[23]]
WARNING: [Opt 31-233] Net with MARK_DEBUG TRUE property was optimized: design_1_i/mem_controller_0/M_AXI_AWADDR[24]
Resolution: To prevent optimization apply the following XDC constraint before opt_design: set_property DONT_TOUCH TRUE [get_nets design_1_i/mem_controller_0/M_AXI_AWADDR[24]]
WARNING: [Opt 31-233] Net with MARK_DEBUG TRUE property was optimized: design_1_i/mem_controller_0/M_AXI_AWADDR[25]
Resolution: To prevent optimization apply the following XDC constraint before opt_design: set_property DONT_TOUCH TRUE [get_nets design_1_i/mem_controller_0/M_AXI_AWADDR[25]]
WARNING: [Opt 31-233] Net with MARK_DEBUG TRUE property was optimized: design_1_i/mem_controller_0/M_AXI_AWADDR[26]
Resolution: To prevent optimization apply the following XDC constraint before opt_design: set_property DONT_TOUCH TRUE [get_nets design_1_i/mem_controller_0/M_AXI_AWADDR[26]]
WARNING: [Opt 31-233] Net with MARK_DEBUG TRUE property was optimized: design_1_i/mem_controller_0/M_AXI_AWADDR[27]
Resolution: To prevent optimization apply the following XDC constraint before opt_design: set_property DONT_TOUCH TRUE [get_nets design_1_i/mem_controller_0/M_AXI_AWADDR[27]]
WARNING: [Opt 31-233] Net with MARK_DEBUG TRUE property was optimized: design_1_i/mem_controller_0/M_AXI_AWADDR[28]
Resolution: To prevent optimization apply the following XDC constraint before opt_design: set_property DONT_TOUCH TRUE [get_nets design_1_i/mem_controller_0/M_AXI_AWADDR[28]]
WARNING: [Opt 31-233] Net with MARK_DEBUG TRUE property was optimized: design_1_i/mem_controller_0/M_AXI_AWADDR[29]
Resolution: To prevent optimization apply the following XDC constraint before opt_design: set_property DONT_TOUCH TRUE [get_nets design_1_i/mem_controller_0/M_AXI_AWADDR[29]]
WARNING: [Opt 31-233] Net with MARK_DEBUG TRUE property was optimized: design_1_i/mem_controller_0/M_AXI_AWADDR[2]
Resolution: To prevent optimization apply the following XDC constraint before opt_design: set_property DONT_TOUCH TRUE [get_nets design_1_i/mem_controller_0/M_AXI_AWADDR[2]]
WARNING: [Opt 31-233] Net with MARK_DEBUG TRUE property was optimized: design_1_i/mem_controller_0/M_AXI_AWADDR[3]
Resolution: To prevent optimization apply the following XDC constraint before opt_design: set_property DONT_TOUCH TRUE [get_nets design_1_i/mem_controller_0/M_AXI_AWADDR[3]]
WARNING: [Opt 31-233] Net with MARK_DEBUG TRUE property was optimized: design_1_i/mem_controller_0/M_AXI_AWADDR[4]
Resolution: To prevent optimization apply the following XDC constraint before opt_design: set_property DONT_TOUCH TRUE [get_nets design_1_i/mem_controller_0/M_AXI_AWADDR[4]]
WARNING: [Opt 31-233] Net with MARK_DEBUG TRUE property was optimized: design_1_i/mem_controller_0/M_AXI_AWADDR[5]
Resolution: To prevent optimization apply the following XDC constraint before opt_design: set_property DONT_TOUCH TRUE [get_nets design_1_i/mem_controller_0/M_AXI_AWADDR[5]]
WARNING: [Opt 31-233] Net with MARK_DEBUG TRUE property was optimized: design_1_i/mem_controller_0/M_AXI_AWADDR[6]
Resolution: To prevent optimization apply the following XDC constraint before opt_design: set_property DONT_TOUCH TRUE [get_nets design_1_i/mem_controller_0/M_AXI_AWADDR[6]]
WARNING: [Opt 31-233] Net with MARK_DEBUG TRUE property was optimized: design_1_i/mem_controller_0/M_AXI_AWADDR[7]
Resolution: To prevent optimization apply the following XDC constraint before opt_design: set_property DONT_TOUCH TRUE [get_nets design_1_i/mem_controller_0/M_AXI_AWADDR[7]]
WARNING: [Opt 31-233] Net with MARK_DEBUG TRUE property was optimized: design_1_i/mem_controller_0/M_AXI_AWADDR[8]
Resolution: To prevent optimization apply the following XDC constraint before opt_design: set_property DONT_TOUCH TRUE [get_nets design_1_i/mem_controller_0/M_AXI_AWADDR[8]]
WARNING: [Opt 31-233] Net with MARK_DEBUG TRUE property was optimized: design_1_i/mem_controller_0/M_AXI_AWADDR[9]
Resolution: To prevent optimization apply the following XDC constraint before opt_design: set_property DONT_TOUCH TRUE [get_nets design_1_i/mem_controller_0/M_AXI_AWADDR[9]]
WARNING: [Opt 31-233] Net with MARK_DEBUG TRUE property was optimized: design_1_i/mem_controller_0/M_AXI_WDATA[14]
Resolution: To prevent optimization apply the following XDC constraint before opt_design: set_property DONT_TOUCH TRUE [get_nets design_1_i/mem_controller_0/M_AXI_WDATA[14]]
WARNING: [Opt 31-233] Net with MARK_DEBUG TRUE property was optimized: design_1_i/mem_controller_0/M_AXI_WDATA[17]
Resolution: To prevent optimization apply the following XDC constraint before opt_design: set_property DONT_TOUCH TRUE [get_nets design_1_i/mem_controller_0/M_AXI_WDATA[17]]
WARNING: [Opt 31-233] Net with MARK_DEBUG TRUE property was optimized: design_1_i/mem_controller_0/M_AXI_WDATA[20]
Resolution: To prevent optimization apply the following XDC constraint before opt_design: set_property DONT_TOUCH TRUE [get_nets design_1_i/mem_controller_0/M_AXI_WDATA[20]]
WARNING: [Opt 31-233] Net with MARK_DEBUG TRUE property was optimized: design_1_i/mem_controller_0/M_AXI_WDATA[22]
Resolution: To prevent optimization apply the following XDC constraint before opt_design: set_property DONT_TOUCH TRUE [get_nets design_1_i/mem_controller_0/M_AXI_WDATA[22]]
WARNING: [Opt 31-233] Net with MARK_DEBUG TRUE property was optimized: design_1_i/mem_controller_0/M_AXI_WDATA[24]
Resolution: To prevent optimization apply the following XDC constraint before opt_design: set_property DONT_TOUCH TRUE [get_nets design_1_i/mem_controller_0/M_AXI_WDATA[24]]
WARNING: [Opt 31-233] Net with MARK_DEBUG TRUE property was optimized: design_1_i/mem_controller_0/M_AXI_WDATA[29]
Resolution: To prevent optimization apply the following XDC constraint before opt_design: set_property DONT_TOUCH TRUE [get_nets design_1_i/mem_controller_0/M_AXI_WDATA[29]]
WARNING: [Opt 31-233] Net with MARK_DEBUG TRUE property was optimized: design_1_i/mem_controller_0/M_AXI_WDATA[4]
Resolution: To prevent optimization apply the following XDC constraint before opt_design: set_property DONT_TOUCH TRUE [get_nets design_1_i/mem_controller_0/M_AXI_WDATA[4]]
WARNING: [Opt 31-233] Net with MARK_DEBUG TRUE property was optimized: design_1_i/mem_controller_0/M_AXI_WDATA[8]
Resolution: To prevent optimization apply the following XDC constraint before opt_design: set_property DONT_TOUCH TRUE [get_nets design_1_i/mem_controller_0/M_AXI_WDATA[8]]
WARNING: [Opt 31-233] Net with MARK_DEBUG TRUE property was optimized: design_1_i/mem_controller_0/M_AXI_AWADDR[0]
Resolution: To prevent optimization apply the following XDC constraint before opt_design: set_property DONT_TOUCH TRUE [get_nets design_1_i/mem_controller_0/M_AXI_AWADDR[0]]
WARNING: [Opt 31-233] Net with MARK_DEBUG TRUE property was optimized: design_1_i/mem_controller_0_M_AXI_AWADDR[0]
Resolution: To prevent optimization apply the following XDC constraint before opt_design: set_property DONT_TOUCH TRUE [get_nets design_1_i/mem_controller_0_M_AXI_AWADDR[0]]
WARNING: [Opt 31-233] Net with MARK_DEBUG TRUE property was optimized: design_1_i/mem_controller_0/M_AXI_AWADDR[10]
Resolution: To prevent optimization apply the following XDC constraint before opt_design: set_property DONT_TOUCH TRUE [get_nets design_1_i/mem_controller_0/M_AXI_AWADDR[10]]
WARNING: [Opt 31-233] Net with MARK_DEBUG TRUE property was optimized: design_1_i/mem_controller_0_M_AXI_AWADDR[10]
Resolution: To prevent optimization apply the following XDC constraint before opt_design: set_property DONT_TOUCH TRUE [get_nets design_1_i/mem_controller_0_M_AXI_AWADDR[10]]
WARNING: [Opt 31-233] Net with MARK_DEBUG TRUE property was optimized: design_1_i/mem_controller_0/M_AXI_AWADDR[11]
Resolution: To prevent optimization apply the following XDC constraint before opt_design: set_property DONT_TOUCH TRUE [get_nets design_1_i/mem_controller_0/M_AXI_AWADDR[11]]
WARNING: [Opt 31-233] Net with MARK_DEBUG TRUE property was optimized: design_1_i/mem_controller_0_M_AXI_AWADDR[11]
Resolution: To prevent optimization apply the following XDC constraint before opt_design: set_property DONT_TOUCH TRUE [get_nets design_1_i/mem_controller_0_M_AXI_AWADDR[11]]
WARNING: [Opt 31-233] Net with MARK_DEBUG TRUE property was optimized: design_1_i/mem_controller_0/M_AXI_AWADDR[12]
Resolution: To prevent optimization apply the following XDC constraint before opt_design: set_property DONT_TOUCH TRUE [get_nets design_1_i/mem_controller_0/M_AXI_AWADDR[12]]
WARNING: [Opt 31-233] Net with MARK_DEBUG TRUE property was optimized: design_1_i/mem_controller_0_M_AXI_AWADDR[12]
Resolution: To prevent optimization apply the following XDC constraint before opt_design: set_property DONT_TOUCH TRUE [get_nets design_1_i/mem_controller_0_M_AXI_AWADDR[12]]
WARNING: [Opt 31-233] Net with MARK_DEBUG TRUE property was optimized: design_1_i/mem_controller_0/M_AXI_AWADDR[13]
Resolution: To prevent optimization apply the following XDC constraint before opt_design: set_property DONT_TOUCH TRUE [get_nets design_1_i/mem_controller_0/M_AXI_AWADDR[13]]
WARNING: [Opt 31-233] Net with MARK_DEBUG TRUE property was optimized: design_1_i/mem_controller_0_M_AXI_AWADDR[13]
Resolution: To prevent optimization apply the following XDC constraint before opt_design: set_property DONT_TOUCH TRUE [get_nets design_1_i/mem_controller_0_M_AXI_AWADDR[13]]
WARNING: [Opt 31-233] Net with MARK_DEBUG TRUE property was optimized: design_1_i/mem_controller_0/M_AXI_AWADDR[14]
Resolution: To prevent optimization apply the following XDC constraint before opt_design: set_property DONT_TOUCH TRUE [get_nets design_1_i/mem_controller_0/M_AXI_AWADDR[14]]
WARNING: [Opt 31-233] Net with MARK_DEBUG TRUE property was optimized: design_1_i/mem_controller_0_M_AXI_AWADDR[14]
Resolution: To prevent optimization apply the following XDC constraint before opt_design: set_property DONT_TOUCH TRUE [get_nets design_1_i/mem_controller_0_M_AXI_AWADDR[14]]
WARNING: [Opt 31-233] Net with MARK_DEBUG TRUE property was optimized: design_1_i/mem_controller_0/M_AXI_AWADDR[15]
Resolution: To prevent optimization apply the following XDC constraint before opt_design: set_property DONT_TOUCH TRUE [get_nets design_1_i/mem_controller_0/M_AXI_AWADDR[15]]
WARNING: [Opt 31-233] Net with MARK_DEBUG TRUE property was optimized: design_1_i/mem_controller_0_M_AXI_AWADDR[15]
Resolution: To prevent optimization apply the following XDC constraint before opt_design: set_property DONT_TOUCH TRUE [get_nets design_1_i/mem_controller_0_M_AXI_AWADDR[15]]
WARNING: [Opt 31-233] Net with MARK_DEBUG TRUE property was optimized: design_1_i/mem_controller_0/M_AXI_AWADDR[16]
Resolution: To prevent optimization apply the following XDC constraint before opt_design: set_property DONT_TOUCH TRUE [get_nets design_1_i/mem_controller_0/M_AXI_AWADDR[16]]
WARNING: [Opt 31-233] Net with MARK_DEBUG TRUE property was optimized: design_1_i/mem_controller_0_M_AXI_AWADDR[16]
Resolution: To prevent optimization apply the following XDC constraint before opt_design: set_property DONT_TOUCH TRUE [get_nets design_1_i/mem_controller_0_M_AXI_AWADDR[16]]
WARNING: [Opt 31-233] Net with MARK_DEBUG TRUE property was optimized: design_1_i/mem_controller_0/M_AXI_AWADDR[17]
Resolution: To prevent optimization apply the following XDC constraint before opt_design: set_property DONT_TOUCH TRUE [get_nets design_1_i/mem_controller_0/M_AXI_AWADDR[17]]
WARNING: [Opt 31-233] Net with MARK_DEBUG TRUE property was optimized: design_1_i/mem_controller_0_M_AXI_AWADDR[17]
Resolution: To prevent optimization apply the following XDC constraint before opt_design: set_property DONT_TOUCH TRUE [get_nets design_1_i/mem_controller_0_M_AXI_AWADDR[17]]
WARNING: [Opt 31-233] Net with MARK_DEBUG TRUE property was optimized: design_1_i/mem_controller_0/M_AXI_AWADDR[18]
Resolution: To prevent optimization apply the following XDC constraint before opt_design: set_property DONT_TOUCH TRUE [get_nets design_1_i/mem_controller_0/M_AXI_AWADDR[18]]
WARNING: [Opt 31-233] Net with MARK_DEBUG TRUE property was optimized: design_1_i/mem_controller_0_M_AXI_AWADDR[18]
Resolution: To prevent optimization apply the following XDC constraint before opt_design: set_property DONT_TOUCH TRUE [get_nets design_1_i/mem_controller_0_M_AXI_AWADDR[18]]
WARNING: [Opt 31-233] Net with MARK_DEBUG TRUE property was optimized: design_1_i/mem_controller_0/M_AXI_AWADDR[19]
Resolution: To prevent optimization apply the following XDC constraint before opt_design: set_property DONT_TOUCH TRUE [get_nets design_1_i/mem_controller_0/M_AXI_AWADDR[19]]
WARNING: [Opt 31-233] Net with MARK_DEBUG TRUE property was optimized: design_1_i/mem_controller_0_M_AXI_AWADDR[19]
Resolution: To prevent optimization apply the following XDC constraint before opt_design: set_property DONT_TOUCH TRUE [get_nets design_1_i/mem_controller_0_M_AXI_AWADDR[19]]
WARNING: [Opt 31-233] Net with MARK_DEBUG TRUE property was optimized: design_1_i/mem_controller_0/M_AXI_AWADDR[1]
Resolution: To prevent optimization apply the following XDC constraint before opt_design: set_property DONT_TOUCH TRUE [get_nets design_1_i/mem_controller_0/M_AXI_AWADDR[1]]
WARNING: [Opt 31-233] Net with MARK_DEBUG TRUE property was optimized: design_1_i/mem_controller_0_M_AXI_AWADDR[1]
Resolution: To prevent optimization apply the following XDC constraint before opt_design: set_property DONT_TOUCH TRUE [get_nets design_1_i/mem_controller_0_M_AXI_AWADDR[1]]
WARNING: [Opt 31-233] Net with MARK_DEBUG TRUE property was optimized: design_1_i/mem_controller_0/M_AXI_AWADDR[20]
Resolution: To prevent optimization apply the following XDC constraint before opt_design: set_property DONT_TOUCH TRUE [get_nets design_1_i/mem_controller_0/M_AXI_AWADDR[20]]
WARNING: [Opt 31-233] Net with MARK_DEBUG TRUE property was optimized: design_1_i/mem_controller_0_M_AXI_AWADDR[20]
Resolution: To prevent optimization apply the following XDC constraint before opt_design: set_property DONT_TOUCH TRUE [get_nets design_1_i/mem_controller_0_M_AXI_AWADDR[20]]
WARNING: [Opt 31-233] Net with MARK_DEBUG TRUE property was optimized: design_1_i/mem_controller_0/M_AXI_AWADDR[21]
Resolution: To prevent optimization apply the following XDC constraint before opt_design: set_property DONT_TOUCH TRUE [get_nets design_1_i/mem_controller_0/M_AXI_AWADDR[21]]
WARNING: [Opt 31-233] Net with MARK_DEBUG TRUE property was optimized: design_1_i/mem_controller_0_M_AXI_AWADDR[21]
Resolution: To prevent optimization apply the following XDC constraint before opt_design: set_property DONT_TOUCH TRUE [get_nets design_1_i/mem_controller_0_M_AXI_AWADDR[21]]
WARNING: [Opt 31-233] Net with MARK_DEBUG TRUE property was optimized: design_1_i/mem_controller_0/M_AXI_AWADDR[22]
Resolution: To prevent optimization apply the following XDC constraint before opt_design: set_property DONT_TOUCH TRUE [get_nets design_1_i/mem_controller_0/M_AXI_AWADDR[22]]
WARNING: [Opt 31-233] Net with MARK_DEBUG TRUE property was optimized: design_1_i/mem_controller_0_M_AXI_AWADDR[22]
Resolution: To prevent optimization apply the following XDC constraint before opt_design: set_property DONT_TOUCH TRUE [get_nets design_1_i/mem_controller_0_M_AXI_AWADDR[22]]
WARNING: [Opt 31-233] Net with MARK_DEBUG TRUE property was optimized: design_1_i/mem_controller_0/M_AXI_AWADDR[23]
Resolution: To prevent optimization apply the following XDC constraint before opt_design: set_property DONT_TOUCH TRUE [get_nets design_1_i/mem_controller_0/M_AXI_AWADDR[23]]
WARNING: [Opt 31-233] Net with MARK_DEBUG TRUE property was optimized: design_1_i/mem_controller_0_M_AXI_AWADDR[23]
Resolution: To prevent optimization apply the following XDC constraint before opt_design: set_property DONT_TOUCH TRUE [get_nets design_1_i/mem_controller_0_M_AXI_AWADDR[23]]
WARNING: [Opt 31-233] Net with MARK_DEBUG TRUE property was optimized: design_1_i/mem_controller_0/M_AXI_AWADDR[24]
Resolution: To prevent optimization apply the following XDC constraint before opt_design: set_property DONT_TOUCH TRUE [get_nets design_1_i/mem_controller_0/M_AXI_AWADDR[24]]
WARNING: [Opt 31-233] Net with MARK_DEBUG TRUE property was optimized: design_1_i/mem_controller_0_M_AXI_AWADDR[24]
Resolution: To prevent optimization apply the following XDC constraint before opt_design: set_property DONT_TOUCH TRUE [get_nets design_1_i/mem_controller_0_M_AXI_AWADDR[24]]
WARNING: [Opt 31-233] Net with MARK_DEBUG TRUE property was optimized: design_1_i/mem_controller_0/M_AXI_AWADDR[25]
Resolution: To prevent optimization apply the following XDC constraint before opt_design: set_property DONT_TOUCH TRUE [get_nets design_1_i/mem_controller_0/M_AXI_AWADDR[25]]
WARNING: [Opt 31-233] Net with MARK_DEBUG TRUE property was optimized: design_1_i/mem_controller_0_M_AXI_AWADDR[25]
Resolution: To prevent optimization apply the following XDC constraint before opt_design: set_property DONT_TOUCH TRUE [get_nets design_1_i/mem_controller_0_M_AXI_AWADDR[25]]
WARNING: [Opt 31-233] Net with MARK_DEBUG TRUE property was optimized: design_1_i/mem_controller_0/M_AXI_AWADDR[26]
Resolution: To prevent optimization apply the following XDC constraint before opt_design: set_property DONT_TOUCH TRUE [get_nets design_1_i/mem_controller_0/M_AXI_AWADDR[26]]
WARNING: [Opt 31-233] Net with MARK_DEBUG TRUE property was optimized: design_1_i/mem_controller_0_M_AXI_AWADDR[26]
Resolution: To prevent optimization apply the following XDC constraint before opt_design: set_property DONT_TOUCH TRUE [get_nets design_1_i/mem_controller_0_M_AXI_AWADDR[26]]
WARNING: [Opt 31-233] Net with MARK_DEBUG TRUE property was optimized: design_1_i/mem_controller_0/M_AXI_AWADDR[27]
Resolution: To prevent optimization apply the following XDC constraint before opt_design: set_property DONT_TOUCH TRUE [get_nets design_1_i/mem_controller_0/M_AXI_AWADDR[27]]
WARNING: [Opt 31-233] Net with MARK_DEBUG TRUE property was optimized: design_1_i/mem_controller_0_M_AXI_AWADDR[27]
Resolution: To prevent optimization apply the following XDC constraint before opt_design: set_property DONT_TOUCH TRUE [get_nets design_1_i/mem_controller_0_M_AXI_AWADDR[27]]
WARNING: [Opt 31-233] Net with MARK_DEBUG TRUE property was optimized: design_1_i/mem_controller_0/M_AXI_AWADDR[28]
Resolution: To prevent optimization apply the following XDC constraint before opt_design: set_property DONT_TOUCH TRUE [get_nets design_1_i/mem_controller_0/M_AXI_AWADDR[28]]
WARNING: [Opt 31-233] Net with MARK_DEBUG TRUE property was optimized: design_1_i/mem_controller_0_M_AXI_AWADDR[28]
Resolution: To prevent optimization apply the following XDC constraint before opt_design: set_property DONT_TOUCH TRUE [get_nets design_1_i/mem_controller_0_M_AXI_AWADDR[28]]
WARNING: [Opt 31-233] Net with MARK_DEBUG TRUE property was optimized: design_1_i/mem_controller_0/M_AXI_AWADDR[29]
Resolution: To prevent optimization apply the following XDC constraint before opt_design: set_property DONT_TOUCH TRUE [get_nets design_1_i/mem_controller_0/M_AXI_AWADDR[29]]
WARNING: [Opt 31-233] Net with MARK_DEBUG TRUE property was optimized: design_1_i/mem_controller_0_M_AXI_AWADDR[29]
Resolution: To prevent optimization apply the following XDC constraint before opt_design: set_property DONT_TOUCH TRUE [get_nets design_1_i/mem_controller_0_M_AXI_AWADDR[29]]
WARNING: [Opt 31-233] Net with MARK_DEBUG TRUE property was optimized: design_1_i/mem_controller_0/M_AXI_AWADDR[2]
Resolution: To prevent optimization apply the following XDC constraint before opt_design: set_property DONT_TOUCH TRUE [get_nets design_1_i/mem_controller_0/M_AXI_AWADDR[2]]
WARNING: [Opt 31-233] Net with MARK_DEBUG TRUE property was optimized: design_1_i/mem_controller_0_M_AXI_AWADDR[2]
Resolution: To prevent optimization apply the following XDC constraint before opt_design: set_property DONT_TOUCH TRUE [get_nets design_1_i/mem_controller_0_M_AXI_AWADDR[2]]
WARNING: [Opt 31-233] Net with MARK_DEBUG TRUE property was optimized: design_1_i/mem_controller_0/M_AXI_AWADDR[3]
Resolution: To prevent optimization apply the following XDC constraint before opt_design: set_property DONT_TOUCH TRUE [get_nets design_1_i/mem_controller_0/M_AXI_AWADDR[3]]
WARNING: [Opt 31-233] Net with MARK_DEBUG TRUE property was optimized: design_1_i/mem_controller_0_M_AXI_AWADDR[3]
Resolution: To prevent optimization apply the following XDC constraint before opt_design: set_property DONT_TOUCH TRUE [get_nets design_1_i/mem_controller_0_M_AXI_AWADDR[3]]
WARNING: [Opt 31-233] Net with MARK_DEBUG TRUE property was optimized: design_1_i/mem_controller_0/M_AXI_AWADDR[4]
Resolution: To prevent optimization apply the following XDC constraint before opt_design: set_property DONT_TOUCH TRUE [get_nets design_1_i/mem_controller_0/M_AXI_AWADDR[4]]
WARNING: [Opt 31-233] Net with MARK_DEBUG TRUE property was optimized: design_1_i/mem_controller_0_M_AXI_AWADDR[4]
Resolution: To prevent optimization apply the following XDC constraint before opt_design: set_property DONT_TOUCH TRUE [get_nets design_1_i/mem_controller_0_M_AXI_AWADDR[4]]
WARNING: [Opt 31-233] Net with MARK_DEBUG TRUE property was optimized: design_1_i/mem_controller_0/M_AXI_AWADDR[5]
Resolution: To prevent optimization apply the following XDC constraint before opt_design: set_property DONT_TOUCH TRUE [get_nets design_1_i/mem_controller_0/M_AXI_AWADDR[5]]
WARNING: [Opt 31-233] Net with MARK_DEBUG TRUE property was optimized: design_1_i/mem_controller_0_M_AXI_AWADDR[5]
Resolution: To prevent optimization apply the following XDC constraint before opt_design: set_property DONT_TOUCH TRUE [get_nets design_1_i/mem_controller_0_M_AXI_AWADDR[5]]
WARNING: [Opt 31-233] Net with MARK_DEBUG TRUE property was optimized: design_1_i/mem_controller_0/M_AXI_AWADDR[6]
Resolution: To prevent optimization apply the following XDC constraint before opt_design: set_property DONT_TOUCH TRUE [get_nets design_1_i/mem_controller_0/M_AXI_AWADDR[6]]
WARNING: [Opt 31-233] Net with MARK_DEBUG TRUE property was optimized: design_1_i/mem_controller_0_M_AXI_AWADDR[6]
Resolution: To prevent optimization apply the following XDC constraint before opt_design: set_property DONT_TOUCH TRUE [get_nets design_1_i/mem_controller_0_M_AXI_AWADDR[6]]
WARNING: [Opt 31-233] Net with MARK_DEBUG TRUE property was optimized: design_1_i/mem_controller_0/M_AXI_AWADDR[7]
Resolution: To prevent optimization apply the following XDC constraint before opt_design: set_property DONT_TOUCH TRUE [get_nets design_1_i/mem_controller_0/M_AXI_AWADDR[7]]
WARNING: [Opt 31-233] Net with MARK_DEBUG TRUE property was optimized: design_1_i/mem_controller_0_M_AXI_AWADDR[7]
Resolution: To prevent optimization apply the following XDC constraint before opt_design: set_property DONT_TOUCH TRUE [get_nets design_1_i/mem_controller_0_M_AXI_AWADDR[7]]
WARNING: [Opt 31-233] Net with MARK_DEBUG TRUE property was optimized: design_1_i/mem_controller_0/M_AXI_AWADDR[8]
Resolution: To prevent optimization apply the following XDC constraint before opt_design: set_property DONT_TOUCH TRUE [get_nets design_1_i/mem_controller_0/M_AXI_AWADDR[8]]
WARNING: [Opt 31-233] Net with MARK_DEBUG TRUE property was optimized: design_1_i/mem_controller_0_M_AXI_AWADDR[8]
Resolution: To prevent optimization apply the following XDC constraint before opt_design: set_property DONT_TOUCH TRUE [get_nets design_1_i/mem_controller_0_M_AXI_AWADDR[8]]
WARNING: [Opt 31-233] Net with MARK_DEBUG TRUE property was optimized: design_1_i/mem_controller_0/M_AXI_AWADDR[9]
Resolution: To prevent optimization apply the following XDC constraint before opt_design: set_property DONT_TOUCH TRUE [get_nets design_1_i/mem_controller_0/M_AXI_AWADDR[9]]
WARNING: [Opt 31-233] Net with MARK_DEBUG TRUE property was optimized: design_1_i/mem_controller_0_M_AXI_AWADDR[9]
Resolution: To prevent optimization apply the following XDC constraint before opt_design: set_property DONT_TOUCH TRUE [get_nets design_1_i/mem_controller_0_M_AXI_AWADDR[9]]
INFO: [Common 17-14] Message 'Opt 31-233' appears 100 times and further instances of the messages will be disabled. Use the Tcl command set_msg_config to change the current settings.
Phase 4 Sweep | Checksum: c6cd0030

Time (s): cpu = 00:00:18 ; elapsed = 00:02:08 . Memory (MB): peak = 1620.574 ; gain = 78.832
INFO: [Opt 31-389] Phase Sweep created 1 cells and removed 3906 cells
INFO: [Opt 31-1021] In phase Sweep, 1342 netlist objects are constrained preventing optimization. Please run opt_design with -debug_log to get more detail. 

Phase 5 BUFG optimization
INFO: [Opt 31-194] Inserted BUFG design_1_i/clk_wiz_0/inst/clk_out1_design_1_clk_wiz_0_0_BUFG_inst to drive 0 load(s) on clock net design_1_i/clk_wiz_0/inst/clk_out1_design_1_clk_wiz_0_0_BUFG
INFO: [Opt 31-194] Inserted BUFG design_1_i/mig_7series_0/u_design_1_mig_7series_0_0_mig/u_ddr2_infrastructure/pll_clk3_out_BUFG_inst to drive 0 load(s) on clock net design_1_i/mig_7series_0/u_design_1_mig_7series_0_0_mig/u_ddr2_infrastructure/pll_clk3_out_BUFG
INFO: [Opt 31-193] Inserted 2 BUFG(s) on clock nets
Phase 5 BUFG optimization | Checksum: 146c9078e

Time (s): cpu = 00:00:19 ; elapsed = 00:02:09 . Memory (MB): peak = 1620.574 ; gain = 78.832
INFO: [Opt 31-662] Phase BUFG optimization created 0 cells of which 0 are BUFGs and removed 0 cells.

Phase 6 Shift Register Optimization
Phase 6 Shift Register Optimization | Checksum: 15bcbf9a0

Time (s): cpu = 00:00:21 ; elapsed = 00:02:11 . Memory (MB): peak = 1620.574 ; gain = 78.832
INFO: [Opt 31-389] Phase Shift Register Optimization created 0 cells and removed 0 cells

Phase 7 Post Processing Netlist
Phase 7 Post Processing Netlist | Checksum: 1423c0311

Time (s): cpu = 00:00:22 ; elapsed = 00:02:12 . Memory (MB): peak = 1620.574 ; gain = 78.832
INFO: [Opt 31-389] Phase Post Processing Netlist created 0 cells and removed 0 cells
INFO: [Opt 31-1021] In phase Post Processing Netlist, 123 netlist objects are constrained preventing optimization. Please run opt_design with -debug_log to get more detail. 
Opt_design Change Summary
=========================


-------------------------------------------------------------------------------------------------------------------------
|  Phase                        |  #Cells created  |  #Cells Removed  |  #Constrained objects preventing optimizations  |
-------------------------------------------------------------------------------------------------------------------------
|  Retarget                     |             348  |             514  |                                            289  |
|  Constant propagation         |            2196  |            6755  |                                            242  |
|  Sweep                        |               1  |            3906  |                                           1342  |
|  BUFG optimization            |               0  |               0  |                                              0  |
|  Shift Register Optimization  |               0  |               0  |                                              0  |
|  Post Processing Netlist      |               0  |               0  |                                            123  |
-------------------------------------------------------------------------------------------------------------------------



Starting Connectivity Check Task

Time (s): cpu = 00:00:00 ; elapsed = 00:00:00.089 . Memory (MB): peak = 1620.574 ; gain = 0.000
Ending Logic Optimization Task | Checksum: a3a49183

Time (s): cpu = 00:00:22 ; elapsed = 00:02:12 . Memory (MB): peak = 1620.574 ; gain = 78.832

Starting Power Optimization Task
INFO: [Pwropt 34-132] Skipping clock gating for clocks with a period < 2.00 ns.
INFO: [Timing 38-35] Done setting XDC timing constraints.
INFO: [Pwropt 34-9] Applying IDT optimizations ...
INFO: [Pwropt 34-10] Applying ODC optimizations ...
INFO: [Physopt 32-619] Estimated Timing Summary | WNS=1.311 | TNS=0.000 |
Running Vector-less Activity Propagation...

Finished Running Vector-less Activity Propagation


Starting PowerOpt Patch Enables Task
INFO: [Pwropt 34-162] WRITE_MODE attribute of 0 BRAM(s) out of a total of 22 has been updated to save power. Run report_power_opt to get a complete listing of the BRAMs updated.
INFO: [Pwropt 34-201] Structural ODC has moved 0 WE to EN ports
WARNING: [Physopt 32-722] Net with MARK_DEBUG TRUE property was optimized: design_1_i/mem_controller_0/inst/stimmy/bram_ena
Resolution: To prevent optimization apply the following XDC constraint before phys_opt_design: set_property DONT_TOUCH TRUE [get_nets design_1_i/mem_controller_0/inst/stimmy/bram_ena]
WARNING: [Physopt 32-722] Net with MARK_DEBUG TRUE property was optimized: design_1_i/mem_controller_0/inst/stimmy/bram_wea[0]
Resolution: To prevent optimization apply the following XDC constraint before phys_opt_design: set_property DONT_TOUCH TRUE [get_nets design_1_i/mem_controller_0/inst/stimmy/bram_wea[0]]
Number of BRAM Ports augmented: 14 newly gated: 2 Total Ports: 44
Number of Flops added for Enable Generation: 2

WARNING: [Pwropt 34-226] Optimized a net with MARK_DEBUG value of TRUE, net: design_1_i/mem_controller_0/inst/stimmy/bram_ena
Resolution: To prevent optimization, apply the following XDC constraint before optimization: set_property DONT_TOUCH TRUE [get_nets <net>]
WARNING: [Pwropt 34-226] Optimized a net with MARK_DEBUG value of TRUE, net: design_1_i/mem_controller_0/inst/stimmy/bram_wea[0]
Resolution: To prevent optimization, apply the following XDC constraint before optimization: set_property DONT_TOUCH TRUE [get_nets <net>]
Ending PowerOpt Patch Enables Task | Checksum: 158dab032

Time (s): cpu = 00:00:00 ; elapsed = 00:00:00.285 . Memory (MB): peak = 2073.898 ; gain = 0.000
Ending Power Optimization Task | Checksum: 158dab032

Time (s): cpu = 00:00:17 ; elapsed = 00:00:09 . Memory (MB): peak = 2073.898 ; gain = 453.324

Starting Final Cleanup Task

Starting Logic Optimization Task
INFO: [Timing 38-35] Done setting XDC timing constraints.
INFO: [Opt 31-194] Inserted BUFG design_1_i/clk_wiz_0/inst/clk_out1_design_1_clk_wiz_0_0_BUFG_inst to drive 0 load(s) on clock net design_1_i/clk_wiz_0/inst/clk_out1_design_1_clk_wiz_0_0_BUFG
INFO: [Opt 31-194] Inserted BUFG design_1_i/mig_7series_0/u_design_1_mig_7series_0_0_mig/u_ddr2_infrastructure/pll_clk3_out_BUFG_inst to drive 0 load(s) on clock net design_1_i/mig_7series_0/u_design_1_mig_7series_0_0_mig/u_ddr2_infrastructure/pll_clk3_out_BUFG
INFO: [Opt 31-193] Inserted 2 BUFG(s) on clock nets
Ending Logic Optimization Task | Checksum: 129a7af90

Time (s): cpu = 00:00:05 ; elapsed = 00:00:04 . Memory (MB): peak = 2073.898 ; gain = 0.000
Ending Final Cleanup Task | Checksum: 129a7af90

Time (s): cpu = 00:00:05 ; elapsed = 00:00:05 . Memory (MB): peak = 2073.898 ; gain = 0.000

Starting Netlist Obfuscation Task
Netlist sorting complete. Time (s): cpu = 00:00:00 ; elapsed = 00:00:00.023 . Memory (MB): peak = 2073.898 ; gain = 0.000
Ending Netlist Obfuscation Task | Checksum: 129a7af90

Time (s): cpu = 00:00:00 ; elapsed = 00:00:00.023 . Memory (MB): peak = 2073.898 ; gain = 0.000
INFO: [Common 17-83] Releasing license: Implementation
60 Infos, 104 Warnings, 0 Critical Warnings and 0 Errors encountered.
opt_design completed successfully
opt_design: Time (s): cpu = 00:00:50 ; elapsed = 00:02:30 . Memory (MB): peak = 2073.898 ; gain = 717.062
Netlist sorting complete. Time (s): cpu = 00:00:00 ; elapsed = 00:00:00.023 . Memory (MB): peak = 2073.898 ; gain = 0.000
INFO: [Timing 38-480] Writing timing data to binary archive.
Writing placer database...
Writing XDEF routing.
Writing XDEF routing logical nets.
Writing XDEF routing special nets.
Write XDEF Complete: Time (s): cpu = 00:00:00 ; elapsed = 00:00:00.058 . Memory (MB): peak = 2073.898 ; gain = 0.000
Netlist sorting complete. Time (s): cpu = 00:00:01 ; elapsed = 00:00:00.033 . Memory (MB): peak = 2073.898 ; gain = 0.000
INFO: [Common 17-1381] The checkpoint 'C:/Users/khanm/AppData/Roaming/Xilinx/Vivado/proj/DDR_GOLDEN/DDR_GOLDEN.runs/impl_1/design_1_wrapper_opt.dcp' has been generated.
write_checkpoint: Time (s): cpu = 00:00:08 ; elapsed = 00:00:06 . Memory (MB): peak = 2073.898 ; gain = 0.000
INFO: [runtcl-4] Executing : report_drc -file design_1_wrapper_drc_opted.rpt -pb design_1_wrapper_drc_opted.pb -rpx design_1_wrapper_drc_opted.rpx
Command: report_drc -file design_1_wrapper_drc_opted.rpt -pb design_1_wrapper_drc_opted.pb -rpx design_1_wrapper_drc_opted.rpx
INFO: [IP_Flow 19-1839] IP Catalog is up to date.
INFO: [DRC 23-27] Running DRC with 2 threads
INFO: [Coretcl 2-168] The results of DRC are in file C:/Users/khanm/AppData/Roaming/Xilinx/Vivado/proj/DDR_GOLDEN/DDR_GOLDEN.runs/impl_1/design_1_wrapper_drc_opted.rpt.
report_drc completed successfully
INFO: [Chipscope 16-240] Debug cores have already been implemented
Command: place_design
Attempting to get a license for feature 'Implementation' and/or device 'xc7a100t'
INFO: [Common 17-349] Got license for feature 'Implementation' and/or device 'xc7a100t'
INFO: [DRC 23-27] Running DRC with 2 threads
INFO: [Vivado_Tcl 4-198] DRC finished with 0 Errors
INFO: [Vivado_Tcl 4-199] Please refer to the DRC report (report_drc) for more information.
Running DRC as a precondition to command place_design
INFO: [DRC 23-27] Running DRC with 2 threads
WARNING: [DRC REQP-1839] RAMB36 async control check: The RAMB36E1 design_1_i/blk_mem_gen_0/U0/inst_blk_mem_gen/gnbram.gnative_mem_map_bmg.native_mem_map_blk_mem_gen/valid.cstr/ramloop[0].ram.r/prim_noinit.ram/DEVICE_7SERIES.WITH_BMM_INFO.SP.SIMPLE_PRIM36.SP_NO_ECC_ATTR.ram has an input control pin design_1_i/blk_mem_gen_0/U0/inst_blk_mem_gen/gnbram.gnative_mem_map_bmg.native_mem_map_blk_mem_gen/valid.cstr/ramloop[0].ram.r/prim_noinit.ram/DEVICE_7SERIES.WITH_BMM_INFO.SP.SIMPLE_PRIM36.SP_NO_ECC_ATTR.ram/ENARDEN (net: design_1_i/blk_mem_gen_0/U0/inst_blk_mem_gen/gnbram.gnative_mem_map_bmg.native_mem_map_blk_mem_gen/valid.cstr/ramloop[0].ram.r/prim_noinit.ram/ENA_I) which is driven by a register (design_1_i/microblaze_0_axi_periph/m03_couplers/auto_ds/inst/gen_downsizer.gen_simple_downsizer.axi_downsizer_inst/USE_WRITE.write_addr_inst/cmd_queue/inst/fifo_gen_inst/inst_fifo_gen/gconvfifo.rf/grf.rf/gntv_or_sync_fifo.gl0.rd/gr1.gr1_int.rfwft/empty_fwft_i_reg) that has an active asychronous set or reset. This may cause corruption of the memory contents and/or read values when the set/reset is asserted and is not analyzed by the default static timing analysis. It is suggested to eliminate the use of a set/reset to registers driving this RAMB pin or else use a synchronous reset in which the assertion of the reset is timed by default.
WARNING: [DRC REQP-1839] RAMB36 async control check: The RAMB36E1 design_1_i/blk_mem_gen_0/U0/inst_blk_mem_gen/gnbram.gnative_mem_map_bmg.native_mem_map_blk_mem_gen/valid.cstr/ramloop[0].ram.r/prim_noinit.ram/DEVICE_7SERIES.WITH_BMM_INFO.SP.SIMPLE_PRIM36.SP_NO_ECC_ATTR.ram has an input control pin design_1_i/blk_mem_gen_0/U0/inst_blk_mem_gen/gnbram.gnative_mem_map_bmg.native_mem_map_blk_mem_gen/valid.cstr/ramloop[0].ram.r/prim_noinit.ram/DEVICE_7SERIES.WITH_BMM_INFO.SP.SIMPLE_PRIM36.SP_NO_ECC_ATTR.ram/WEA[0] (net: design_1_i/blk_mem_gen_0/U0/inst_blk_mem_gen/gnbram.gnative_mem_map_bmg.native_mem_map_blk_mem_gen/valid.cstr/ramloop[0].ram.r/prim_noinit.ram/wea[0]) which is driven by a register (design_1_i/microblaze_0_axi_periph/m03_couplers/auto_ds/inst/gen_downsizer.gen_simple_downsizer.axi_downsizer_inst/USE_WRITE.write_addr_inst/cmd_queue/inst/fifo_gen_inst/inst_fifo_gen/gconvfifo.rf/grf.rf/gntv_or_sync_fifo.gl0.rd/gr1.gr1_int.rfwft/empty_fwft_i_reg) that has an active asychronous set or reset. This may cause corruption of the memory contents and/or read values when the set/reset is asserted and is not analyzed by the default static timing analysis. It is suggested to eliminate the use of a set/reset to registers driving this RAMB pin or else use a synchronous reset in which the assertion of the reset is timed by default.
WARNING: [DRC REQP-1839] RAMB36 async control check: The RAMB36E1 design_1_i/blk_mem_gen_0/U0/inst_blk_mem_gen/gnbram.gnative_mem_map_bmg.native_mem_map_blk_mem_gen/valid.cstr/ramloop[0].ram.r/prim_noinit.ram/DEVICE_7SERIES.WITH_BMM_INFO.SP.SIMPLE_PRIM36.SP_NO_ECC_ATTR.ram has an input control pin design_1_i/blk_mem_gen_0/U0/inst_blk_mem_gen/gnbram.gnative_mem_map_bmg.native_mem_map_blk_mem_gen/valid.cstr/ramloop[0].ram.r/prim_noinit.ram/DEVICE_7SERIES.WITH_BMM_INFO.SP.SIMPLE_PRIM36.SP_NO_ECC_ATTR.ram/WEA[1] (net: design_1_i/blk_mem_gen_0/U0/inst_blk_mem_gen/gnbram.gnative_mem_map_bmg.native_mem_map_blk_mem_gen/valid.cstr/ramloop[0].ram.r/prim_noinit.ram/wea[1]) which is driven by a register (design_1_i/microblaze_0_axi_periph/m03_couplers/auto_ds/inst/gen_downsizer.gen_simple_downsizer.axi_downsizer_inst/USE_WRITE.write_addr_inst/cmd_queue/inst/fifo_gen_inst/inst_fifo_gen/gconvfifo.rf/grf.rf/gntv_or_sync_fifo.gl0.rd/gr1.gr1_int.rfwft/empty_fwft_i_reg) that has an active asychronous set or reset. This may cause corruption of the memory contents and/or read values when the set/reset is asserted and is not analyzed by the default static timing analysis. It is suggested to eliminate the use of a set/reset to registers driving this RAMB pin or else use a synchronous reset in which the assertion of the reset is timed by default.
WARNING: [DRC REQP-1839] RAMB36 async control check: The RAMB36E1 design_1_i/blk_mem_gen_0/U0/inst_blk_mem_gen/gnbram.gnative_mem_map_bmg.native_mem_map_blk_mem_gen/valid.cstr/ramloop[1].ram.r/prim_noinit.ram/DEVICE_7SERIES.WITH_BMM_INFO.SP.SIMPLE_PRIM36.SP_NO_ECC_ATTR.ram has an input control pin design_1_i/blk_mem_gen_0/U0/inst_blk_mem_gen/gnbram.gnative_mem_map_bmg.native_mem_map_blk_mem_gen/valid.cstr/ramloop[1].ram.r/prim_noinit.ram/DEVICE_7SERIES.WITH_BMM_INFO.SP.SIMPLE_PRIM36.SP_NO_ECC_ATTR.ram/ENARDEN (net: design_1_i/blk_mem_gen_0/U0/inst_blk_mem_gen/gnbram.gnative_mem_map_bmg.native_mem_map_blk_mem_gen/valid.cstr/ramloop[1].ram.r/prim_noinit.ram/ENA_I) which is driven by a register (design_1_i/microblaze_0_axi_periph/m03_couplers/auto_ds/inst/gen_downsizer.gen_simple_downsizer.axi_downsizer_inst/USE_WRITE.write_addr_inst/cmd_queue/inst/fifo_gen_inst/inst_fifo_gen/gconvfifo.rf/grf.rf/gntv_or_sync_fifo.gl0.rd/gr1.gr1_int.rfwft/empty_fwft_i_reg) that has an active asychronous set or reset. This may cause corruption of the memory contents and/or read values when the set/reset is asserted and is not analyzed by the default static timing analysis. It is suggested to eliminate the use of a set/reset to registers driving this RAMB pin or else use a synchronous reset in which the assertion of the reset is timed by default.
WARNING: [DRC REQP-1839] RAMB36 async control check: The RAMB36E1 design_1_i/blk_mem_gen_0/U0/inst_blk_mem_gen/gnbram.gnative_mem_map_bmg.native_mem_map_blk_mem_gen/valid.cstr/ramloop[1].ram.r/prim_noinit.ram/DEVICE_7SERIES.WITH_BMM_INFO.SP.SIMPLE_PRIM36.SP_NO_ECC_ATTR.ram has an input control pin design_1_i/blk_mem_gen_0/U0/inst_blk_mem_gen/gnbram.gnative_mem_map_bmg.native_mem_map_blk_mem_gen/valid.cstr/ramloop[1].ram.r/prim_noinit.ram/DEVICE_7SERIES.WITH_BMM_INFO.SP.SIMPLE_PRIM36.SP_NO_ECC_ATTR.ram/WEA[0] (net: design_1_i/blk_mem_gen_0/U0/inst_blk_mem_gen/gnbram.gnative_mem_map_bmg.native_mem_map_blk_mem_gen/valid.cstr/ramloop[1].ram.r/prim_noinit.ram/wea[0]) which is driven by a register (design_1_i/microblaze_0_axi_periph/m03_couplers/auto_ds/inst/gen_downsizer.gen_simple_downsizer.axi_downsizer_inst/USE_WRITE.write_addr_inst/cmd_queue/inst/fifo_gen_inst/inst_fifo_gen/gconvfifo.rf/grf.rf/gntv_or_sync_fifo.gl0.rd/gr1.gr1_int.rfwft/empty_fwft_i_reg) that has an active asychronous set or reset. This may cause corruption of the memory contents and/or read values when the set/reset is asserted and is not analyzed by the default static timing analysis. It is suggested to eliminate the use of a set/reset to registers driving this RAMB pin or else use a synchronous reset in which the assertion of the reset is timed by default.
WARNING: [DRC REQP-1839] RAMB36 async control check: The RAMB36E1 design_1_i/blk_mem_gen_0/U0/inst_blk_mem_gen/gnbram.gnative_mem_map_bmg.native_mem_map_blk_mem_gen/valid.cstr/ramloop[1].ram.r/prim_noinit.ram/DEVICE_7SERIES.WITH_BMM_INFO.SP.SIMPLE_PRIM36.SP_NO_ECC_ATTR.ram has an input control pin design_1_i/blk_mem_gen_0/U0/inst_blk_mem_gen/gnbram.gnative_mem_map_bmg.native_mem_map_blk_mem_gen/valid.cstr/ramloop[1].ram.r/prim_noinit.ram/DEVICE_7SERIES.WITH_BMM_INFO.SP.SIMPLE_PRIM36.SP_NO_ECC_ATTR.ram/WEA[1] (net: design_1_i/blk_mem_gen_0/U0/inst_blk_mem_gen/gnbram.gnative_mem_map_bmg.native_mem_map_blk_mem_gen/valid.cstr/ramloop[1].ram.r/prim_noinit.ram/wea[1]) which is driven by a register (design_1_i/microblaze_0_axi_periph/m03_couplers/auto_ds/inst/gen_downsizer.gen_simple_downsizer.axi_downsizer_inst/USE_WRITE.write_addr_inst/cmd_queue/inst/fifo_gen_inst/inst_fifo_gen/gconvfifo.rf/grf.rf/gntv_or_sync_fifo.gl0.rd/gr1.gr1_int.rfwft/empty_fwft_i_reg) that has an active asychronous set or reset. This may cause corruption of the memory contents and/or read values when the set/reset is asserted and is not analyzed by the default static timing analysis. It is suggested to eliminate the use of a set/reset to registers driving this RAMB pin or else use a synchronous reset in which the assertion of the reset is timed by default.
WARNING: [DRC REQP-1839] RAMB36 async control check: The RAMB36E1 design_1_i/blk_mem_gen_1/U0/inst_blk_mem_gen/gnbram.gnativebmg.native_blk_mem_gen/valid.cstr/ramloop[0].ram.r/prim_noinit.ram/DEVICE_7SERIES.NO_BMM_INFO.TRUE_DP.SIMPLE_PRIM36.ram has an input control pin design_1_i/blk_mem_gen_1/U0/inst_blk_mem_gen/gnbram.gnativebmg.native_blk_mem_gen/valid.cstr/ramloop[0].ram.r/prim_noinit.ram/DEVICE_7SERIES.NO_BMM_INFO.TRUE_DP.SIMPLE_PRIM36.ram/ADDRBWRADDR[5] (net: design_1_i/blk_mem_gen_1/U0/inst_blk_mem_gen/gnbram.gnativebmg.native_blk_mem_gen/valid.cstr/ramloop[0].ram.r/prim_noinit.ram/addrb[0]) which is driven by a register (design_1_i/mem_controller_0/inst/stimmy/b_addr_reg[0]) that has an active asychronous set or reset. This may cause corruption of the memory contents and/or read values when the set/reset is asserted and is not analyzed by the default static timing analysis. It is suggested to eliminate the use of a set/reset to registers driving this RAMB pin or else use a synchronous reset in which the assertion of the reset is timed by default.
WARNING: [DRC REQP-1839] RAMB36 async control check: The RAMB36E1 design_1_i/blk_mem_gen_1/U0/inst_blk_mem_gen/gnbram.gnativebmg.native_blk_mem_gen/valid.cstr/ramloop[0].ram.r/prim_noinit.ram/DEVICE_7SERIES.NO_BMM_INFO.TRUE_DP.SIMPLE_PRIM36.ram has an input control pin design_1_i/blk_mem_gen_1/U0/inst_blk_mem_gen/gnbram.gnativebmg.native_blk_mem_gen/valid.cstr/ramloop[0].ram.r/prim_noinit.ram/DEVICE_7SERIES.NO_BMM_INFO.TRUE_DP.SIMPLE_PRIM36.ram/ENARDEN (net: design_1_i/blk_mem_gen_1/U0/inst_blk_mem_gen/gnbram.gnativebmg.native_blk_mem_gen/valid.cstr/ramloop[0].ram.r/prim_noinit.ram/DEVICE_7SERIES.NO_BMM_INFO.TRUE_DP.SIMPLE_PRIM36.ram_ENARDEN_cooolgate_en_sig_18) which is driven by a register (design_1_i/mem_controller_0/inst/stimmy/a_en_reg) that has an active asychronous set or reset. This may cause corruption of the memory contents and/or read values when the set/reset is asserted and is not analyzed by the default static timing analysis. It is suggested to eliminate the use of a set/reset to registers driving this RAMB pin or else use a synchronous reset in which the assertion of the reset is timed by default.
WARNING: [DRC REQP-1839] RAMB36 async control check: The RAMB36E1 design_1_i/blk_mem_gen_1/U0/inst_blk_mem_gen/gnbram.gnativebmg.native_blk_mem_gen/valid.cstr/ramloop[0].ram.r/prim_noinit.ram/DEVICE_7SERIES.NO_BMM_INFO.TRUE_DP.SIMPLE_PRIM36.ram has an input control pin design_1_i/blk_mem_gen_1/U0/inst_blk_mem_gen/gnbram.gnativebmg.native_blk_mem_gen/valid.cstr/ramloop[0].ram.r/prim_noinit.ram/DEVICE_7SERIES.NO_BMM_INFO.TRUE_DP.SIMPLE_PRIM36.ram/ENARDEN (net: design_1_i/blk_mem_gen_1/U0/inst_blk_mem_gen/gnbram.gnativebmg.native_blk_mem_gen/valid.cstr/ramloop[0].ram.r/prim_noinit.ram/DEVICE_7SERIES.NO_BMM_INFO.TRUE_DP.SIMPLE_PRIM36.ram_ENARDEN_cooolgate_en_sig_18) which is driven by a register (design_1_i/mem_controller_0/inst/stimmy/a_we_reg) that has an active asychronous set or reset. This may cause corruption of the memory contents and/or read values when the set/reset is asserted and is not analyzed by the default static timing analysis. It is suggested to eliminate the use of a set/reset to registers driving this RAMB pin or else use a synchronous reset in which the assertion of the reset is timed by default.
WARNING: [DRC REQP-1839] RAMB36 async control check: The RAMB36E1 design_1_i/blk_mem_gen_1/U0/inst_blk_mem_gen/gnbram.gnativebmg.native_blk_mem_gen/valid.cstr/ramloop[0].ram.r/prim_noinit.ram/DEVICE_7SERIES.NO_BMM_INFO.TRUE_DP.SIMPLE_PRIM36.ram has an input control pin design_1_i/blk_mem_gen_1/U0/inst_blk_mem_gen/gnbram.gnativebmg.native_blk_mem_gen/valid.cstr/ramloop[0].ram.r/prim_noinit.ram/DEVICE_7SERIES.NO_BMM_INFO.TRUE_DP.SIMPLE_PRIM36.ram/ENBWREN (net: design_1_i/blk_mem_gen_1/U0/inst_blk_mem_gen/gnbram.gnativebmg.native_blk_mem_gen/valid.cstr/ramloop[0].ram.r/prim_noinit.ram/enb) which is driven by a register (design_1_i/mem_controller_0/inst/stimmy/a_en_reg) that has an active asychronous set or reset. This may cause corruption of the memory contents and/or read values when the set/reset is asserted and is not analyzed by the default static timing analysis. It is suggested to eliminate the use of a set/reset to registers driving this RAMB pin or else use a synchronous reset in which the assertion of the reset is timed by default.
WARNING: [DRC REQP-1839] RAMB36 async control check: The RAMB36E1 design_1_i/blk_mem_gen_1/U0/inst_blk_mem_gen/gnbram.gnativebmg.native_blk_mem_gen/valid.cstr/ramloop[0].ram.r/prim_noinit.ram/DEVICE_7SERIES.NO_BMM_INFO.TRUE_DP.SIMPLE_PRIM36.ram has an input control pin design_1_i/blk_mem_gen_1/U0/inst_blk_mem_gen/gnbram.gnativebmg.native_blk_mem_gen/valid.cstr/ramloop[0].ram.r/prim_noinit.ram/DEVICE_7SERIES.NO_BMM_INFO.TRUE_DP.SIMPLE_PRIM36.ram/WEA[0] (net: design_1_i/blk_mem_gen_1/U0/inst_blk_mem_gen/gnbram.gnativebmg.native_blk_mem_gen/valid.cstr/ramloop[0].ram.r/prim_noinit.ram/wea[0]) which is driven by a register (design_1_i/mem_controller_0/inst/stimmy/a_we_reg) that has an active asychronous set or reset. This may cause corruption of the memory contents and/or read values when the set/reset is asserted and is not analyzed by the default static timing analysis. It is suggested to eliminate the use of a set/reset to registers driving this RAMB pin or else use a synchronous reset in which the assertion of the reset is timed by default.
WARNING: [DRC REQP-1839] RAMB36 async control check: The RAMB36E1 design_1_i/blk_mem_gen_1/U0/inst_blk_mem_gen/gnbram.gnativebmg.native_blk_mem_gen/valid.cstr/ramloop[0].ram.r/prim_noinit.ram/DEVICE_7SERIES.NO_BMM_INFO.TRUE_DP.SIMPLE_PRIM36.ram has an input control pin design_1_i/blk_mem_gen_1/U0/inst_blk_mem_gen/gnbram.gnativebmg.native_blk_mem_gen/valid.cstr/ramloop[0].ram.r/prim_noinit.ram/DEVICE_7SERIES.NO_BMM_INFO.TRUE_DP.SIMPLE_PRIM36.ram/WEA[1] (net: design_1_i/blk_mem_gen_1/U0/inst_blk_mem_gen/gnbram.gnativebmg.native_blk_mem_gen/valid.cstr/ramloop[0].ram.r/prim_noinit.ram/wea[0]) which is driven by a register (design_1_i/mem_controller_0/inst/stimmy/a_we_reg) that has an active asychronous set or reset. This may cause corruption of the memory contents and/or read values when the set/reset is asserted and is not analyzed by the default static timing analysis. It is suggested to eliminate the use of a set/reset to registers driving this RAMB pin or else use a synchronous reset in which the assertion of the reset is timed by default.
WARNING: [DRC REQP-1839] RAMB36 async control check: The RAMB36E1 design_1_i/blk_mem_gen_1/U0/inst_blk_mem_gen/gnbram.gnativebmg.native_blk_mem_gen/valid.cstr/ramloop[0].ram.r/prim_noinit.ram/DEVICE_7SERIES.NO_BMM_INFO.TRUE_DP.SIMPLE_PRIM36.ram has an input control pin design_1_i/blk_mem_gen_1/U0/inst_blk_mem_gen/gnbram.gnativebmg.native_blk_mem_gen/valid.cstr/ramloop[0].ram.r/prim_noinit.ram/DEVICE_7SERIES.NO_BMM_INFO.TRUE_DP.SIMPLE_PRIM36.ram/WEA[2] (net: design_1_i/blk_mem_gen_1/U0/inst_blk_mem_gen/gnbram.gnativebmg.native_blk_mem_gen/valid.cstr/ramloop[0].ram.r/prim_noinit.ram/wea[0]) which is driven by a register (design_1_i/mem_controller_0/inst/stimmy/a_we_reg) that has an active asychronous set or reset. This may cause corruption of the memory contents and/or read values when the set/reset is asserted and is not analyzed by the default static timing analysis. It is suggested to eliminate the use of a set/reset to registers driving this RAMB pin or else use a synchronous reset in which the assertion of the reset is timed by default.
WARNING: [DRC REQP-1839] RAMB36 async control check: The RAMB36E1 design_1_i/blk_mem_gen_1/U0/inst_blk_mem_gen/gnbram.gnativebmg.native_blk_mem_gen/valid.cstr/ramloop[0].ram.r/prim_noinit.ram/DEVICE_7SERIES.NO_BMM_INFO.TRUE_DP.SIMPLE_PRIM36.ram has an input control pin design_1_i/blk_mem_gen_1/U0/inst_blk_mem_gen/gnbram.gnativebmg.native_blk_mem_gen/valid.cstr/ramloop[0].ram.r/prim_noinit.ram/DEVICE_7SERIES.NO_BMM_INFO.TRUE_DP.SIMPLE_PRIM36.ram/WEA[3] (net: design_1_i/blk_mem_gen_1/U0/inst_blk_mem_gen/gnbram.gnativebmg.native_blk_mem_gen/valid.cstr/ramloop[0].ram.r/prim_noinit.ram/wea[0]) which is driven by a register (design_1_i/mem_controller_0/inst/stimmy/a_we_reg) that has an active asychronous set or reset. This may cause corruption of the memory contents and/or read values when the set/reset is asserted and is not analyzed by the default static timing analysis. It is suggested to eliminate the use of a set/reset to registers driving this RAMB pin or else use a synchronous reset in which the assertion of the reset is timed by default.
WARNING: [DRC REQP-1839] RAMB36 async control check: The RAMB36E1 design_1_i/blk_mem_gen_1/U0/inst_blk_mem_gen/gnbram.gnativebmg.native_blk_mem_gen/valid.cstr/ramloop[0].ram.r/prim_noinit.ram/DEVICE_7SERIES.NO_BMM_INFO.TRUE_DP.SIMPLE_PRIM36.ram has an input control pin design_1_i/blk_mem_gen_1/U0/inst_blk_mem_gen/gnbram.gnativebmg.native_blk_mem_gen/valid.cstr/ramloop[0].ram.r/prim_noinit.ram/DEVICE_7SERIES.NO_BMM_INFO.TRUE_DP.SIMPLE_PRIM36.ram/WEBWE[0] (net: design_1_i/blk_mem_gen_1/U0/inst_blk_mem_gen/gnbram.gnativebmg.native_blk_mem_gen/valid.cstr/ramloop[0].ram.r/prim_noinit.ram/web[0]) which is driven by a register (design_1_i/mem_controller_0/inst/stimmy/a_we_reg) that has an active asychronous set or reset. This may cause corruption of the memory contents and/or read values when the set/reset is asserted and is not analyzed by the default static timing analysis. It is suggested to eliminate the use of a set/reset to registers driving this RAMB pin or else use a synchronous reset in which the assertion of the reset is timed by default.
WARNING: [DRC REQP-1839] RAMB36 async control check: The RAMB36E1 design_1_i/blk_mem_gen_1/U0/inst_blk_mem_gen/gnbram.gnativebmg.native_blk_mem_gen/valid.cstr/ramloop[0].ram.r/prim_noinit.ram/DEVICE_7SERIES.NO_BMM_INFO.TRUE_DP.SIMPLE_PRIM36.ram has an input control pin design_1_i/blk_mem_gen_1/U0/inst_blk_mem_gen/gnbram.gnativebmg.native_blk_mem_gen/valid.cstr/ramloop[0].ram.r/prim_noinit.ram/DEVICE_7SERIES.NO_BMM_INFO.TRUE_DP.SIMPLE_PRIM36.ram/WEBWE[1] (net: design_1_i/blk_mem_gen_1/U0/inst_blk_mem_gen/gnbram.gnativebmg.native_blk_mem_gen/valid.cstr/ramloop[0].ram.r/prim_noinit.ram/web[0]) which is driven by a register (design_1_i/mem_controller_0/inst/stimmy/a_we_reg) that has an active asychronous set or reset. This may cause corruption of the memory contents and/or read values when the set/reset is asserted and is not analyzed by the default static timing analysis. It is suggested to eliminate the use of a set/reset to registers driving this RAMB pin or else use a synchronous reset in which the assertion of the reset is timed by default.
WARNING: [DRC REQP-1839] RAMB36 async control check: The RAMB36E1 design_1_i/blk_mem_gen_1/U0/inst_blk_mem_gen/gnbram.gnativebmg.native_blk_mem_gen/valid.cstr/ramloop[0].ram.r/prim_noinit.ram/DEVICE_7SERIES.NO_BMM_INFO.TRUE_DP.SIMPLE_PRIM36.ram has an input control pin design_1_i/blk_mem_gen_1/U0/inst_blk_mem_gen/gnbram.gnativebmg.native_blk_mem_gen/valid.cstr/ramloop[0].ram.r/prim_noinit.ram/DEVICE_7SERIES.NO_BMM_INFO.TRUE_DP.SIMPLE_PRIM36.ram/WEBWE[2] (net: design_1_i/blk_mem_gen_1/U0/inst_blk_mem_gen/gnbram.gnativebmg.native_blk_mem_gen/valid.cstr/ramloop[0].ram.r/prim_noinit.ram/web[0]) which is driven by a register (design_1_i/mem_controller_0/inst/stimmy/a_we_reg) that has an active asychronous set or reset. This may cause corruption of the memory contents and/or read values when the set/reset is asserted and is not analyzed by the default static timing analysis. It is suggested to eliminate the use of a set/reset to registers driving this RAMB pin or else use a synchronous reset in which the assertion of the reset is timed by default.
WARNING: [DRC REQP-1839] RAMB36 async control check: The RAMB36E1 design_1_i/blk_mem_gen_1/U0/inst_blk_mem_gen/gnbram.gnativebmg.native_blk_mem_gen/valid.cstr/ramloop[0].ram.r/prim_noinit.ram/DEVICE_7SERIES.NO_BMM_INFO.TRUE_DP.SIMPLE_PRIM36.ram has an input control pin design_1_i/blk_mem_gen_1/U0/inst_blk_mem_gen/gnbram.gnativebmg.native_blk_mem_gen/valid.cstr/ramloop[0].ram.r/prim_noinit.ram/DEVICE_7SERIES.NO_BMM_INFO.TRUE_DP.SIMPLE_PRIM36.ram/WEBWE[3] (net: design_1_i/blk_mem_gen_1/U0/inst_blk_mem_gen/gnbram.gnativebmg.native_blk_mem_gen/valid.cstr/ramloop[0].ram.r/prim_noinit.ram/web[0]) which is driven by a register (design_1_i/mem_controller_0/inst/stimmy/a_we_reg) that has an active asychronous set or reset. This may cause corruption of the memory contents and/or read values when the set/reset is asserted and is not analyzed by the default static timing analysis. It is suggested to eliminate the use of a set/reset to registers driving this RAMB pin or else use a synchronous reset in which the assertion of the reset is timed by default.
INFO: [Vivado_Tcl 4-198] DRC finished with 0 Errors, 18 Warnings
INFO: [Vivado_Tcl 4-199] Please refer to the DRC report (report_drc) for more information.

Starting Placer Task
INFO: [Place 30-611] Multithreading enabled for place_design using a maximum of 2 CPUs

Phase 1 Placer Initialization

Phase 1.1 Placer Initialization Netlist Sorting
Netlist sorting complete. Time (s): cpu = 00:00:00 ; elapsed = 00:00:00.028 . Memory (MB): peak = 2073.898 ; gain = 0.000
Phase 1.1 Placer Initialization Netlist Sorting | Checksum: 7bab89b8

Time (s): cpu = 00:00:00 ; elapsed = 00:00:00.035 . Memory (MB): peak = 2073.898 ; gain = 0.000
Netlist sorting complete. Time (s): cpu = 00:00:00 ; elapsed = 00:00:00.025 . Memory (MB): peak = 2073.898 ; gain = 0.000

Phase 1.2 IO Placement/ Clock Placement/ Build Placer Device
INFO: [Timing 38-35] Done setting XDC timing constraints.
Phase 1.2 IO Placement/ Clock Placement/ Build Placer Device | Checksum: f822a9ed

Time (s): cpu = 00:00:05 ; elapsed = 00:00:05 . Memory (MB): peak = 2073.898 ; gain = 0.000

Phase 1.3 Build Placer Netlist Model
Phase 1.3 Build Placer Netlist Model | Checksum: 115769c24

Time (s): cpu = 00:00:14 ; elapsed = 00:00:11 . Memory (MB): peak = 2073.898 ; gain = 0.000

Phase 1.4 Constrain Clocks/Macros
Phase 1.4 Constrain Clocks/Macros | Checksum: 115769c24

Time (s): cpu = 00:00:14 ; elapsed = 00:00:11 . Memory (MB): peak = 2073.898 ; gain = 0.000
Phase 1 Placer Initialization | Checksum: 115769c24

Time (s): cpu = 00:00:14 ; elapsed = 00:00:11 . Memory (MB): peak = 2073.898 ; gain = 0.000

Phase 2 Global Placement

Phase 2.1 Floorplanning
Phase 2.1 Floorplanning | Checksum: 1971f7f1a

Time (s): cpu = 00:00:17 ; elapsed = 00:00:12 . Memory (MB): peak = 2073.898 ; gain = 0.000

Phase 2.2 Physical Synthesis In Placer
INFO: [Physopt 32-65] No nets found for high-fanout optimization.
INFO: [Physopt 32-232] Optimized 0 net. Created 0 new instance.
INFO: [Physopt 32-775] End 1 Pass. Optimized 0 net or cell. Created 0 new cell, deleted 0 existing cell and moved 0 existing cell
INFO: [Physopt 32-670] No setup violation found.  DSP Register Optimization was not performed.
INFO: [Physopt 32-670] No setup violation found.  Shift Register Optimization was not performed.
INFO: [Physopt 32-670] No setup violation found.  BRAM Register Optimization was not performed.
INFO: [Physopt 32-949] No candidate nets found for HD net replication
INFO: [Physopt 32-775] End 1 Pass. Optimized 0 net or cell. Created 0 new cell, deleted 0 existing cell and moved 0 existing cell
Netlist sorting complete. Time (s): cpu = 00:00:00 ; elapsed = 00:00:00.030 . Memory (MB): peak = 2073.898 ; gain = 0.000

Summary of Physical Synthesis Optimizations
============================================


----------------------------------------------------------------------------------------------------------------------------------------
|  Optimization                  |  Added Cells  |  Removed Cells  |  Optimized Cells/Nets  |  Dont Touch  |  Iterations  |  Elapsed   |
----------------------------------------------------------------------------------------------------------------------------------------
|  Very High Fanout              |            0  |              0  |                     0  |           0  |           1  |  00:00:00  |
|  DSP Register                  |            0  |              0  |                     0  |           0  |           0  |  00:00:00  |
|  Shift Register                |            0  |              0  |                     0  |           0  |           0  |  00:00:00  |
|  BRAM Register                 |            0  |              0  |                     0  |           0  |           0  |  00:00:00  |
|  HD Interface Net Replication  |            0  |              0  |                     0  |           0  |           1  |  00:00:00  |
|  Total                         |            0  |              0  |                     0  |           0  |           2  |  00:00:00  |
----------------------------------------------------------------------------------------------------------------------------------------


Phase 2.2 Physical Synthesis In Placer | Checksum: fc241b99

Time (s): cpu = 00:00:45 ; elapsed = 00:00:31 . Memory (MB): peak = 2073.898 ; gain = 0.000
Phase 2 Global Placement | Checksum: 11f3f9470

Time (s): cpu = 00:00:46 ; elapsed = 00:00:32 . Memory (MB): peak = 2073.898 ; gain = 0.000

Phase 3 Detail Placement

Phase 3.1 Commit Multi Column Macros
Phase 3.1 Commit Multi Column Macros | Checksum: 11f3f9470

Time (s): cpu = 00:00:46 ; elapsed = 00:00:32 . Memory (MB): peak = 2073.898 ; gain = 0.000

Phase 3.2 Commit Most Macros & LUTRAMs
Phase 3.2 Commit Most Macros & LUTRAMs | Checksum: 66a6e76b

Time (s): cpu = 00:00:52 ; elapsed = 00:00:35 . Memory (MB): peak = 2073.898 ; gain = 0.000

Phase 3.3 Area Swap Optimization
Phase 3.3 Area Swap Optimization | Checksum: d13e9288

Time (s): cpu = 00:00:52 ; elapsed = 00:00:35 . Memory (MB): peak = 2073.898 ; gain = 0.000

Phase 3.4 Pipeline Register Optimization
Phase 3.4 Pipeline Register Optimization | Checksum: 2c37fd49

Time (s): cpu = 00:00:52 ; elapsed = 00:00:35 . Memory (MB): peak = 2073.898 ; gain = 0.000

Phase 3.5 Small Shape Detail Placement
Phase 3.5 Small Shape Detail Placement | Checksum: ef7f6d18

Time (s): cpu = 00:00:59 ; elapsed = 00:00:43 . Memory (MB): peak = 2073.898 ; gain = 0.000

Phase 3.6 Re-assign LUT pins
Phase 3.6 Re-assign LUT pins | Checksum: e03427f7

Time (s): cpu = 00:01:01 ; elapsed = 00:00:44 . Memory (MB): peak = 2073.898 ; gain = 0.000

Phase 3.7 Pipeline Register Optimization
Phase 3.7 Pipeline Register Optimization | Checksum: 16b70dccc

Time (s): cpu = 00:01:01 ; elapsed = 00:00:44 . Memory (MB): peak = 2073.898 ; gain = 0.000
Phase 3 Detail Placement | Checksum: 16b70dccc

Time (s): cpu = 00:01:01 ; elapsed = 00:00:44 . Memory (MB): peak = 2073.898 ; gain = 0.000

Phase 4 Post Placement Optimization and Clean-Up

Phase 4.1 Post Commit Optimization
INFO: [Timing 38-35] Done setting XDC timing constraints.

Phase 4.1.1 Post Placement Optimization
Post Placement Optimization Initialization | Checksum: 221983234

Phase 4.1.1.1 BUFG Insertion
INFO: [Place 46-46] BUFG insertion identified 0 candidate nets, 0 success, 0 bufg driver replicated, 0 skipped for placement/routing, 0 skipped for timing, 0 skipped for netlist change reason
Phase 4.1.1.1 BUFG Insertion | Checksum: 221983234

Time (s): cpu = 00:01:08 ; elapsed = 00:00:49 . Memory (MB): peak = 2073.898 ; gain = 0.000
INFO: [Place 30-746] Post Placement Timing Summary WNS=0.505. For the most accurate timing information please run report_timing.
Phase 4.1.1 Post Placement Optimization | Checksum: 156a151fa

Time (s): cpu = 00:01:10 ; elapsed = 00:00:51 . Memory (MB): peak = 2073.898 ; gain = 0.000
Phase 4.1 Post Commit Optimization | Checksum: 156a151fa

Time (s): cpu = 00:01:10 ; elapsed = 00:00:51 . Memory (MB): peak = 2073.898 ; gain = 0.000

Phase 4.2 Post Placement Cleanup
Phase 4.2 Post Placement Cleanup | Checksum: 156a151fa

Time (s): cpu = 00:01:10 ; elapsed = 00:00:51 . Memory (MB): peak = 2073.898 ; gain = 0.000

Phase 4.3 Placer Reporting
Phase 4.3 Placer Reporting | Checksum: 156a151fa

Time (s): cpu = 00:01:10 ; elapsed = 00:00:51 . Memory (MB): peak = 2073.898 ; gain = 0.000

Phase 4.4 Final Placement Cleanup
Netlist sorting complete. Time (s): cpu = 00:00:00 ; elapsed = 00:00:00.027 . Memory (MB): peak = 2073.898 ; gain = 0.000
Phase 4.4 Final Placement Cleanup | Checksum: 1156b7d22

Time (s): cpu = 00:01:10 ; elapsed = 00:00:52 . Memory (MB): peak = 2073.898 ; gain = 0.000
Phase 4 Post Placement Optimization and Clean-Up | Checksum: 1156b7d22

Time (s): cpu = 00:01:11 ; elapsed = 00:00:52 . Memory (MB): peak = 2073.898 ; gain = 0.000
Ending Placer Task | Checksum: 1143fc4f3

Time (s): cpu = 00:01:11 ; elapsed = 00:00:52 . Memory (MB): peak = 2073.898 ; gain = 0.000
INFO: [Common 17-83] Releasing license: Implementation
88 Infos, 122 Warnings, 0 Critical Warnings and 0 Errors encountered.
place_design completed successfully
place_design: Time (s): cpu = 00:01:14 ; elapsed = 00:00:54 . Memory (MB): peak = 2073.898 ; gain = 0.000
Netlist sorting complete. Time (s): cpu = 00:00:00 ; elapsed = 00:00:00.024 . Memory (MB): peak = 2073.898 ; gain = 0.000
INFO: [Timing 38-480] Writing timing data to binary archive.
Writing placer database...
Netlist sorting complete. Time (s): cpu = 00:00:00 ; elapsed = 00:00:00.028 . Memory (MB): peak = 2073.898 ; gain = 0.000
Writing XDEF routing.
Writing XDEF routing logical nets.
Writing XDEF routing special nets.
Write XDEF Complete: Time (s): cpu = 00:00:06 ; elapsed = 00:00:02 . Memory (MB): peak = 2073.898 ; gain = 0.000
INFO: [Common 17-1381] The checkpoint 'C:/Users/khanm/AppData/Roaming/Xilinx/Vivado/proj/DDR_GOLDEN/DDR_GOLDEN.runs/impl_1/design_1_wrapper_placed.dcp' has been generated.
write_checkpoint: Time (s): cpu = 00:00:11 ; elapsed = 00:00:06 . Memory (MB): peak = 2073.898 ; gain = 0.000
INFO: [runtcl-4] Executing : report_io -file design_1_wrapper_io_placed.rpt
report_io: Time (s): cpu = 00:00:00 ; elapsed = 00:00:00.049 . Memory (MB): peak = 2073.898 ; gain = 0.000
INFO: [runtcl-4] Executing : report_utilization -file design_1_wrapper_utilization_placed.rpt -pb design_1_wrapper_utilization_placed.pb
INFO: [runtcl-4] Executing : report_control_sets -verbose -file design_1_wrapper_control_sets_placed.rpt
report_control_sets: Time (s): cpu = 00:00:00 ; elapsed = 00:00:00.115 . Memory (MB): peak = 2073.898 ; gain = 0.000
Command: route_design
Attempting to get a license for feature 'Implementation' and/or device 'xc7a100t'
INFO: [Common 17-349] Got license for feature 'Implementation' and/or device 'xc7a100t'
Running DRC as a precondition to command route_design
INFO: [DRC 23-27] Running DRC with 2 threads
INFO: [Vivado_Tcl 4-198] DRC finished with 0 Errors
INFO: [Vivado_Tcl 4-199] Please refer to the DRC report (report_drc) for more information.


Starting Routing Task
INFO: [Route 35-254] Multithreading enabled for route_design using a maximum of 2 CPUs
Checksum: PlaceDB: b4067d5e ConstDB: 0 ShapeSum: 60394795 RouteDB: 0

Phase 1 Build RT Design
Phase 1 Build RT Design | Checksum: e1d3bf7b

Time (s): cpu = 00:00:29 ; elapsed = 00:00:22 . Memory (MB): peak = 2073.898 ; gain = 0.000
Post Restoration Checksum: NetGraph: 1d508f15 NumContArr: c4833066 Constraints: 0 Timing: 0

Phase 2 Router Initialization

Phase 2.1 Create Timer
Phase 2.1 Create Timer | Checksum: e1d3bf7b

Time (s): cpu = 00:00:29 ; elapsed = 00:00:23 . Memory (MB): peak = 2073.898 ; gain = 0.000

Phase 2.2 Fix Topology Constraints
Phase 2.2 Fix Topology Constraints | Checksum: e1d3bf7b

Time (s): cpu = 00:00:29 ; elapsed = 00:00:23 . Memory (MB): peak = 2073.898 ; gain = 0.000

Phase 2.3 Pre Route Cleanup
Phase 2.3 Pre Route Cleanup | Checksum: e1d3bf7b

Time (s): cpu = 00:00:29 ; elapsed = 00:00:23 . Memory (MB): peak = 2073.898 ; gain = 0.000
 Number of Nodes with overlaps = 0

Phase 2.4 Update Timing
Phase 2.4 Update Timing | Checksum: 275d77ea4

Time (s): cpu = 00:00:38 ; elapsed = 00:00:29 . Memory (MB): peak = 2073.898 ; gain = 0.000
INFO: [Route 35-416] Intermediate Timing Summary | WNS=0.738  | TNS=0.000  | WHS=-1.305 | THS=-608.591|


Phase 2.5 Update Timing for Bus Skew

Phase 2.5.1 Update Timing
Phase 2.5.1 Update Timing | Checksum: 1cbbdc3bc

Time (s): cpu = 00:00:44 ; elapsed = 00:00:32 . Memory (MB): peak = 2073.898 ; gain = 0.000
INFO: [Route 35-416] Intermediate Timing Summary | WNS=0.738  | TNS=0.000  | WHS=N/A    | THS=N/A    |

Phase 2.5 Update Timing for Bus Skew | Checksum: 1f57c78d9

Time (s): cpu = 00:00:44 ; elapsed = 00:00:32 . Memory (MB): peak = 2073.898 ; gain = 0.000
Phase 2 Router Initialization | Checksum: 1fa46553f

Time (s): cpu = 00:00:44 ; elapsed = 00:00:32 . Memory (MB): peak = 2073.898 ; gain = 0.000

Phase 3 Initial Routing
Phase 3 Initial Routing | Checksum: 1f58eae68

Time (s): cpu = 00:00:50 ; elapsed = 00:00:36 . Memory (MB): peak = 2073.898 ; gain = 0.000

Phase 4 Rip-up And Reroute

Phase 4.1 Global Iteration 0
 Number of Nodes with overlaps = 2318
 Number of Nodes with overlaps = 191
 Number of Nodes with overlaps = 35
 Number of Nodes with overlaps = 9
 Number of Nodes with overlaps = 3
 Number of Nodes with overlaps = 0
INFO: [Route 35-416] Intermediate Timing Summary | WNS=-0.401 | TNS=-4.483 | WHS=N/A    | THS=N/A    |

Phase 4.1 Global Iteration 0 | Checksum: 16a05ebfa

Time (s): cpu = 00:01:08 ; elapsed = 00:00:48 . Memory (MB): peak = 2073.898 ; gain = 0.000

Phase 4.2 Global Iteration 1
 Number of Nodes with overlaps = 118
 Number of Nodes with overlaps = 14
 Number of Nodes with overlaps = 16
 Number of Nodes with overlaps = 2
 Number of Nodes with overlaps = 3
 Number of Nodes with overlaps = 0
INFO: [Route 35-416] Intermediate Timing Summary | WNS=-0.179 | TNS=-1.367 | WHS=N/A    | THS=N/A    |

Phase 4.2 Global Iteration 1 | Checksum: 1381f0d7c

Time (s): cpu = 00:01:14 ; elapsed = 00:00:53 . Memory (MB): peak = 2073.898 ; gain = 0.000

Phase 4.3 Global Iteration 2
 Number of Nodes with overlaps = 93
 Number of Nodes with overlaps = 14
 Number of Nodes with overlaps = 5
 Number of Nodes with overlaps = 1
 Number of Nodes with overlaps = 1
 Number of Nodes with overlaps = 0
INFO: [Route 35-416] Intermediate Timing Summary | WNS=0.184  | TNS=0.000  | WHS=N/A    | THS=N/A    |

Phase 4.3 Global Iteration 2 | Checksum: 1765e4fff

Time (s): cpu = 00:01:17 ; elapsed = 00:00:56 . Memory (MB): peak = 2073.898 ; gain = 0.000
Phase 4 Rip-up And Reroute | Checksum: 1765e4fff

Time (s): cpu = 00:01:17 ; elapsed = 00:00:56 . Memory (MB): peak = 2073.898 ; gain = 0.000

Phase 5 Delay and Skew Optimization

Phase 5.1 Delay CleanUp
Phase 5.1 Delay CleanUp | Checksum: 1765e4fff

Time (s): cpu = 00:01:17 ; elapsed = 00:00:56 . Memory (MB): peak = 2073.898 ; gain = 0.000

Phase 5.2 Clock Skew Optimization
Phase 5.2 Clock Skew Optimization | Checksum: 1765e4fff

Time (s): cpu = 00:01:17 ; elapsed = 00:00:57 . Memory (MB): peak = 2073.898 ; gain = 0.000
Phase 5 Delay and Skew Optimization | Checksum: 1765e4fff

Time (s): cpu = 00:01:17 ; elapsed = 00:00:57 . Memory (MB): peak = 2073.898 ; gain = 0.000

Phase 6 Post Hold Fix

Phase 6.1 Hold Fix Iter

Phase 6.1.1 Update Timing
Phase 6.1.1 Update Timing | Checksum: e332fc6c

Time (s): cpu = 00:01:19 ; elapsed = 00:00:58 . Memory (MB): peak = 2073.898 ; gain = 0.000
INFO: [Route 35-416] Intermediate Timing Summary | WNS=0.271  | TNS=0.000  | WHS=0.036  | THS=0.000  |

Phase 6.1 Hold Fix Iter | Checksum: 15c2208cd

Time (s): cpu = 00:01:19 ; elapsed = 00:00:58 . Memory (MB): peak = 2073.898 ; gain = 0.000
Phase 6 Post Hold Fix | Checksum: 15c2208cd

Time (s): cpu = 00:01:19 ; elapsed = 00:00:58 . Memory (MB): peak = 2073.898 ; gain = 0.000

Phase 7 Route finalize

Router Utilization Summary
  Global Vertical Routing Utilization    = 4.03869 %
  Global Horizontal Routing Utilization  = 4.98586 %
  Routable Net Status*
  *Does not include unroutable nets such as driverless and loadless.
  Run report_route_status for detailed report.
  Number of Failed Nets               = 0
  Number of Unrouted Nets             = 0
  Number of Partially Routed Nets     = 0
  Number of Node Overlaps             = 0

Phase 7 Route finalize | Checksum: 12c317b44

Time (s): cpu = 00:01:19 ; elapsed = 00:00:58 . Memory (MB): peak = 2073.898 ; gain = 0.000

Phase 8 Verifying routed nets

 Verification completed successfully
Phase 8 Verifying routed nets | Checksum: 12c317b44

Time (s): cpu = 00:01:19 ; elapsed = 00:00:58 . Memory (MB): peak = 2073.898 ; gain = 0.000

Phase 9 Depositing Routes
Phase 9 Depositing Routes | Checksum: 1726d3edd

Time (s): cpu = 00:01:21 ; elapsed = 00:01:00 . Memory (MB): peak = 2073.898 ; gain = 0.000

Phase 10 Post Router Timing
INFO: [Route 35-57] Estimated Timing Summary | WNS=0.271  | TNS=0.000  | WHS=0.036  | THS=0.000  |

INFO: [Route 35-327] The final timing numbers are based on the router estimated timing analysis. For a complete and accurate timing signoff, please run report_timing_summary.
Phase 10 Post Router Timing | Checksum: 1726d3edd

Time (s): cpu = 00:01:21 ; elapsed = 00:01:00 . Memory (MB): peak = 2073.898 ; gain = 0.000
INFO: [Route 35-16] Router Completed Successfully

Time (s): cpu = 00:01:21 ; elapsed = 00:01:00 . Memory (MB): peak = 2073.898 ; gain = 0.000

Routing Is Done.
INFO: [Common 17-83] Releasing license: Implementation
108 Infos, 122 Warnings, 0 Critical Warnings and 0 Errors encountered.
route_design completed successfully
route_design: Time (s): cpu = 00:01:25 ; elapsed = 00:01:02 . Memory (MB): peak = 2073.898 ; gain = 0.000
Netlist sorting complete. Time (s): cpu = 00:00:00 ; elapsed = 00:00:00.025 . Memory (MB): peak = 2073.898 ; gain = 0.000
INFO: [Timing 38-480] Writing timing data to binary archive.
Writing placer database...
Netlist sorting complete. Time (s): cpu = 00:00:00 ; elapsed = 00:00:00.029 . Memory (MB): peak = 2073.898 ; gain = 0.000
Writing XDEF routing.
Writing XDEF routing logical nets.
Writing XDEF routing special nets.
Write XDEF Complete: Time (s): cpu = 00:00:07 ; elapsed = 00:00:02 . Memory (MB): peak = 2073.898 ; gain = 0.000
INFO: [Common 17-1381] The checkpoint 'C:/Users/khanm/AppData/Roaming/Xilinx/Vivado/proj/DDR_GOLDEN/DDR_GOLDEN.runs/impl_1/design_1_wrapper_routed.dcp' has been generated.
write_checkpoint: Time (s): cpu = 00:00:12 ; elapsed = 00:00:07 . Memory (MB): peak = 2073.898 ; gain = 0.000
INFO: [runtcl-4] Executing : report_drc -file design_1_wrapper_drc_routed.rpt -pb design_1_wrapper_drc_routed.pb -rpx design_1_wrapper_drc_routed.rpx
Command: report_drc -file design_1_wrapper_drc_routed.rpt -pb design_1_wrapper_drc_routed.pb -rpx design_1_wrapper_drc_routed.rpx
INFO: [IP_Flow 19-1839] IP Catalog is up to date.
INFO: [DRC 23-27] Running DRC with 2 threads
INFO: [Coretcl 2-168] The results of DRC are in file C:/Users/khanm/AppData/Roaming/Xilinx/Vivado/proj/DDR_GOLDEN/DDR_GOLDEN.runs/impl_1/design_1_wrapper_drc_routed.rpt.
report_drc completed successfully
INFO: [runtcl-4] Executing : report_methodology -file design_1_wrapper_methodology_drc_routed.rpt -pb design_1_wrapper_methodology_drc_routed.pb -rpx design_1_wrapper_methodology_drc_routed.rpx
Command: report_methodology -file design_1_wrapper_methodology_drc_routed.rpt -pb design_1_wrapper_methodology_drc_routed.pb -rpx design_1_wrapper_methodology_drc_routed.rpx
INFO: [Timing 38-35] Done setting XDC timing constraints.
INFO: [DRC 23-133] Running Methodology with 2 threads
INFO: [Coretcl 2-1520] The results of Report Methodology are in file C:/Users/khanm/AppData/Roaming/Xilinx/Vivado/proj/DDR_GOLDEN/DDR_GOLDEN.runs/impl_1/design_1_wrapper_methodology_drc_routed.rpt.
report_methodology completed successfully
report_methodology: Time (s): cpu = 00:00:16 ; elapsed = 00:00:09 . Memory (MB): peak = 2143.574 ; gain = 69.676
INFO: [runtcl-4] Executing : report_power -file design_1_wrapper_power_routed.rpt -pb design_1_wrapper_power_summary_routed.pb -rpx design_1_wrapper_power_routed.rpx
Command: report_power -file design_1_wrapper_power_routed.rpt -pb design_1_wrapper_power_summary_routed.pb -rpx design_1_wrapper_power_routed.rpx
INFO: [Timing 38-35] Done setting XDC timing constraints.
Running Vector-less Activity Propagation...

Finished Running Vector-less Activity Propagation
WARNING: [Power 33-332] Found switching activity that implies high-fanout reset nets being asserted for excessive periods of time which may result in inaccurate power analysis.
Resolution: To review and fix problems, please run Power Constraints Advisor in the GUI from Tools > Power Constraints Advisor or run report_power with the -advisory option to generate a text report.
120 Infos, 123 Warnings, 0 Critical Warnings and 0 Errors encountered.
report_power completed successfully
report_power: Time (s): cpu = 00:00:14 ; elapsed = 00:00:08 . Memory (MB): peak = 2245.340 ; gain = 101.766
INFO: [runtcl-4] Executing : report_route_status -file design_1_wrapper_route_status.rpt -pb design_1_wrapper_route_status.pb
INFO: [runtcl-4] Executing : report_timing_summary -max_paths 10 -file design_1_wrapper_timing_summary_routed.rpt -pb design_1_wrapper_timing_summary_routed.pb -rpx design_1_wrapper_timing_summary_routed.rpx -warn_on_violation 
INFO: [Timing 38-91] UpdateTimingParams: Speed grade: -1, Delay Type: min_max.
INFO: [Timing 38-191] Multithreading enabled for timing update using a maximum of 2 CPUs
WARNING: [Timing 38-436] There are set_bus_skew constraint(s) in this design. Please run report_bus_skew to ensure that bus skew requirements are met.
INFO: [runtcl-4] Executing : report_incremental_reuse -file design_1_wrapper_incremental_reuse_routed.rpt
INFO: [Vivado_Tcl 4-1062] Incremental flow is disabled. No incremental reuse Info to report.
INFO: [runtcl-4] Executing : report_clock_utilization -file design_1_wrapper_clock_utilization_routed.rpt
INFO: [runtcl-4] Executing : report_bus_skew -warn_on_violation -file design_1_wrapper_bus_skew_routed.rpt -pb design_1_wrapper_bus_skew_routed.pb -rpx design_1_wrapper_bus_skew_routed.rpx
INFO: [Timing 38-91] UpdateTimingParams: Speed grade: -1, Delay Type: min_max.
INFO: [Timing 38-191] Multithreading enabled for timing update using a maximum of 2 CPUs
Command: write_bitstream -force design_1_wrapper.bit
Attempting to get a license for feature 'Implementation' and/or device 'xc7a100t'
INFO: [Common 17-349] Got license for feature 'Implementation' and/or device 'xc7a100t'
Running DRC as a precondition to command write_bitstream
INFO: [IP_Flow 19-1839] IP Catalog is up to date.
INFO: [DRC 23-27] Running DRC with 2 threads
WARNING: [DRC CFGBVS-1] Missing CFGBVS and CONFIG_VOLTAGE Design Properties: Neither the CFGBVS nor CONFIG_VOLTAGE voltage property is set in the current_design.  Configuration bank voltage select (CFGBVS) must be set to VCCO or GND, and CONFIG_VOLTAGE must be set to the correct configuration voltage, in order to determine the I/O voltage support for the pins in bank 0.  It is suggested to specify these either using the 'Edit Device Properties' function in the GUI or directly in the XDC file using the following syntax:

 set_property CFGBVS value1 [current_design]
 #where value1 is either VCCO or GND

 set_property CONFIG_VOLTAGE value2 [current_design]
 #where value2 is the voltage provided to configuration bank 0

Refer to the device configuration user guide for more information.
WARNING: [DRC REQP-1709] Clock output buffering: PLLE2_ADV connectivity violation. The signal design_1_i/mig_7series_0/u_design_1_mig_7series_0_0_mig/u_ddr2_infrastructure/pll_clk3_out on the design_1_i/mig_7series_0/u_design_1_mig_7series_0_0_mig/u_ddr2_infrastructure/plle2_i/CLKOUT3 pin of design_1_i/mig_7series_0/u_design_1_mig_7series_0_0_mig/u_ddr2_infrastructure/plle2_i does not drive the same kind of BUFFER load as the other CLKOUT pins. Routing from the different buffer types will not be phase aligned.
WARNING: [DRC REQP-1839] RAMB36 async control check: The RAMB36E1 design_1_i/blk_mem_gen_0/U0/inst_blk_mem_gen/gnbram.gnative_mem_map_bmg.native_mem_map_blk_mem_gen/valid.cstr/ramloop[0].ram.r/prim_noinit.ram/DEVICE_7SERIES.WITH_BMM_INFO.SP.SIMPLE_PRIM36.SP_NO_ECC_ATTR.ram has an input control pin design_1_i/blk_mem_gen_0/U0/inst_blk_mem_gen/gnbram.gnative_mem_map_bmg.native_mem_map_blk_mem_gen/valid.cstr/ramloop[0].ram.r/prim_noinit.ram/DEVICE_7SERIES.WITH_BMM_INFO.SP.SIMPLE_PRIM36.SP_NO_ECC_ATTR.ram/ENARDEN (net: design_1_i/blk_mem_gen_0/U0/inst_blk_mem_gen/gnbram.gnative_mem_map_bmg.native_mem_map_blk_mem_gen/valid.cstr/ramloop[0].ram.r/prim_noinit.ram/ENA_I) which is driven by a register (design_1_i/microblaze_0_axi_periph/m03_couplers/auto_ds/inst/gen_downsizer.gen_simple_downsizer.axi_downsizer_inst/USE_WRITE.write_addr_inst/cmd_queue/inst/fifo_gen_inst/inst_fifo_gen/gconvfifo.rf/grf.rf/gntv_or_sync_fifo.gl0.rd/gr1.gr1_int.rfwft/empty_fwft_i_reg) that has an active asychronous set or reset. This may cause corruption of the memory contents and/or read values when the set/reset is asserted and is not analyzed by the default static timing analysis. It is suggested to eliminate the use of a set/reset to registers driving this RAMB pin or else use a synchronous reset in which the assertion of the reset is timed by default.
WARNING: [DRC REQP-1839] RAMB36 async control check: The RAMB36E1 design_1_i/blk_mem_gen_0/U0/inst_blk_mem_gen/gnbram.gnative_mem_map_bmg.native_mem_map_blk_mem_gen/valid.cstr/ramloop[0].ram.r/prim_noinit.ram/DEVICE_7SERIES.WITH_BMM_INFO.SP.SIMPLE_PRIM36.SP_NO_ECC_ATTR.ram has an input control pin design_1_i/blk_mem_gen_0/U0/inst_blk_mem_gen/gnbram.gnative_mem_map_bmg.native_mem_map_blk_mem_gen/valid.cstr/ramloop[0].ram.r/prim_noinit.ram/DEVICE_7SERIES.WITH_BMM_INFO.SP.SIMPLE_PRIM36.SP_NO_ECC_ATTR.ram/WEA[0] (net: design_1_i/blk_mem_gen_0/U0/inst_blk_mem_gen/gnbram.gnative_mem_map_bmg.native_mem_map_blk_mem_gen/valid.cstr/ramloop[0].ram.r/prim_noinit.ram/wea[0]) which is driven by a register (design_1_i/microblaze_0_axi_periph/m03_couplers/auto_ds/inst/gen_downsizer.gen_simple_downsizer.axi_downsizer_inst/USE_WRITE.write_addr_inst/cmd_queue/inst/fifo_gen_inst/inst_fifo_gen/gconvfifo.rf/grf.rf/gntv_or_sync_fifo.gl0.rd/gr1.gr1_int.rfwft/empty_fwft_i_reg) that has an active asychronous set or reset. This may cause corruption of the memory contents and/or read values when the set/reset is asserted and is not analyzed by the default static timing analysis. It is suggested to eliminate the use of a set/reset to registers driving this RAMB pin or else use a synchronous reset in which the assertion of the reset is timed by default.
WARNING: [DRC REQP-1839] RAMB36 async control check: The RAMB36E1 design_1_i/blk_mem_gen_0/U0/inst_blk_mem_gen/gnbram.gnative_mem_map_bmg.native_mem_map_blk_mem_gen/valid.cstr/ramloop[0].ram.r/prim_noinit.ram/DEVICE_7SERIES.WITH_BMM_INFO.SP.SIMPLE_PRIM36.SP_NO_ECC_ATTR.ram has an input control pin design_1_i/blk_mem_gen_0/U0/inst_blk_mem_gen/gnbram.gnative_mem_map_bmg.native_mem_map_blk_mem_gen/valid.cstr/ramloop[0].ram.r/prim_noinit.ram/DEVICE_7SERIES.WITH_BMM_INFO.SP.SIMPLE_PRIM36.SP_NO_ECC_ATTR.ram/WEA[1] (net: design_1_i/blk_mem_gen_0/U0/inst_blk_mem_gen/gnbram.gnative_mem_map_bmg.native_mem_map_blk_mem_gen/valid.cstr/ramloop[0].ram.r/prim_noinit.ram/wea[1]) which is driven by a register (design_1_i/microblaze_0_axi_periph/m03_couplers/auto_ds/inst/gen_downsizer.gen_simple_downsizer.axi_downsizer_inst/USE_WRITE.write_addr_inst/cmd_queue/inst/fifo_gen_inst/inst_fifo_gen/gconvfifo.rf/grf.rf/gntv_or_sync_fifo.gl0.rd/gr1.gr1_int.rfwft/empty_fwft_i_reg) that has an active asychronous set or reset. This may cause corruption of the memory contents and/or read values when the set/reset is asserted and is not analyzed by the default static timing analysis. It is suggested to eliminate the use of a set/reset to registers driving this RAMB pin or else use a synchronous reset in which the assertion of the reset is timed by default.
WARNING: [DRC REQP-1839] RAMB36 async control check: The RAMB36E1 design_1_i/blk_mem_gen_0/U0/inst_blk_mem_gen/gnbram.gnative_mem_map_bmg.native_mem_map_blk_mem_gen/valid.cstr/ramloop[1].ram.r/prim_noinit.ram/DEVICE_7SERIES.WITH_BMM_INFO.SP.SIMPLE_PRIM36.SP_NO_ECC_ATTR.ram has an input control pin design_1_i/blk_mem_gen_0/U0/inst_blk_mem_gen/gnbram.gnative_mem_map_bmg.native_mem_map_blk_mem_gen/valid.cstr/ramloop[1].ram.r/prim_noinit.ram/DEVICE_7SERIES.WITH_BMM_INFO.SP.SIMPLE_PRIM36.SP_NO_ECC_ATTR.ram/ENARDEN (net: design_1_i/blk_mem_gen_0/U0/inst_blk_mem_gen/gnbram.gnative_mem_map_bmg.native_mem_map_blk_mem_gen/valid.cstr/ramloop[1].ram.r/prim_noinit.ram/ENA_I) which is driven by a register (design_1_i/microblaze_0_axi_periph/m03_couplers/auto_ds/inst/gen_downsizer.gen_simple_downsizer.axi_downsizer_inst/USE_WRITE.write_addr_inst/cmd_queue/inst/fifo_gen_inst/inst_fifo_gen/gconvfifo.rf/grf.rf/gntv_or_sync_fifo.gl0.rd/gr1.gr1_int.rfwft/empty_fwft_i_reg) that has an active asychronous set or reset. This may cause corruption of the memory contents and/or read values when the set/reset is asserted and is not analyzed by the default static timing analysis. It is suggested to eliminate the use of a set/reset to registers driving this RAMB pin or else use a synchronous reset in which the assertion of the reset is timed by default.
WARNING: [DRC REQP-1839] RAMB36 async control check: The RAMB36E1 design_1_i/blk_mem_gen_0/U0/inst_blk_mem_gen/gnbram.gnative_mem_map_bmg.native_mem_map_blk_mem_gen/valid.cstr/ramloop[1].ram.r/prim_noinit.ram/DEVICE_7SERIES.WITH_BMM_INFO.SP.SIMPLE_PRIM36.SP_NO_ECC_ATTR.ram has an input control pin design_1_i/blk_mem_gen_0/U0/inst_blk_mem_gen/gnbram.gnative_mem_map_bmg.native_mem_map_blk_mem_gen/valid.cstr/ramloop[1].ram.r/prim_noinit.ram/DEVICE_7SERIES.WITH_BMM_INFO.SP.SIMPLE_PRIM36.SP_NO_ECC_ATTR.ram/WEA[0] (net: design_1_i/blk_mem_gen_0/U0/inst_blk_mem_gen/gnbram.gnative_mem_map_bmg.native_mem_map_blk_mem_gen/valid.cstr/ramloop[1].ram.r/prim_noinit.ram/wea[0]) which is driven by a register (design_1_i/microblaze_0_axi_periph/m03_couplers/auto_ds/inst/gen_downsizer.gen_simple_downsizer.axi_downsizer_inst/USE_WRITE.write_addr_inst/cmd_queue/inst/fifo_gen_inst/inst_fifo_gen/gconvfifo.rf/grf.rf/gntv_or_sync_fifo.gl0.rd/gr1.gr1_int.rfwft/empty_fwft_i_reg) that has an active asychronous set or reset. This may cause corruption of the memory contents and/or read values when the set/reset is asserted and is not analyzed by the default static timing analysis. It is suggested to eliminate the use of a set/reset to registers driving this RAMB pin or else use a synchronous reset in which the assertion of the reset is timed by default.
WARNING: [DRC REQP-1839] RAMB36 async control check: The RAMB36E1 design_1_i/blk_mem_gen_0/U0/inst_blk_mem_gen/gnbram.gnative_mem_map_bmg.native_mem_map_blk_mem_gen/valid.cstr/ramloop[1].ram.r/prim_noinit.ram/DEVICE_7SERIES.WITH_BMM_INFO.SP.SIMPLE_PRIM36.SP_NO_ECC_ATTR.ram has an input control pin design_1_i/blk_mem_gen_0/U0/inst_blk_mem_gen/gnbram.gnative_mem_map_bmg.native_mem_map_blk_mem_gen/valid.cstr/ramloop[1].ram.r/prim_noinit.ram/DEVICE_7SERIES.WITH_BMM_INFO.SP.SIMPLE_PRIM36.SP_NO_ECC_ATTR.ram/WEA[1] (net: design_1_i/blk_mem_gen_0/U0/inst_blk_mem_gen/gnbram.gnative_mem_map_bmg.native_mem_map_blk_mem_gen/valid.cstr/ramloop[1].ram.r/prim_noinit.ram/wea[1]) which is driven by a register (design_1_i/microblaze_0_axi_periph/m03_couplers/auto_ds/inst/gen_downsizer.gen_simple_downsizer.axi_downsizer_inst/USE_WRITE.write_addr_inst/cmd_queue/inst/fifo_gen_inst/inst_fifo_gen/gconvfifo.rf/grf.rf/gntv_or_sync_fifo.gl0.rd/gr1.gr1_int.rfwft/empty_fwft_i_reg) that has an active asychronous set or reset. This may cause corruption of the memory contents and/or read values when the set/reset is asserted and is not analyzed by the default static timing analysis. It is suggested to eliminate the use of a set/reset to registers driving this RAMB pin or else use a synchronous reset in which the assertion of the reset is timed by default.
WARNING: [DRC REQP-1839] RAMB36 async control check: The RAMB36E1 design_1_i/blk_mem_gen_1/U0/inst_blk_mem_gen/gnbram.gnativebmg.native_blk_mem_gen/valid.cstr/ramloop[0].ram.r/prim_noinit.ram/DEVICE_7SERIES.NO_BMM_INFO.TRUE_DP.SIMPLE_PRIM36.ram has an input control pin design_1_i/blk_mem_gen_1/U0/inst_blk_mem_gen/gnbram.gnativebmg.native_blk_mem_gen/valid.cstr/ramloop[0].ram.r/prim_noinit.ram/DEVICE_7SERIES.NO_BMM_INFO.TRUE_DP.SIMPLE_PRIM36.ram/ADDRBWRADDR[5] (net: design_1_i/blk_mem_gen_1/U0/inst_blk_mem_gen/gnbram.gnativebmg.native_blk_mem_gen/valid.cstr/ramloop[0].ram.r/prim_noinit.ram/addrb[0]) which is driven by a register (design_1_i/mem_controller_0/inst/stimmy/b_addr_reg[0]) that has an active asychronous set or reset. This may cause corruption of the memory contents and/or read values when the set/reset is asserted and is not analyzed by the default static timing analysis. It is suggested to eliminate the use of a set/reset to registers driving this RAMB pin or else use a synchronous reset in which the assertion of the reset is timed by default.
WARNING: [DRC REQP-1839] RAMB36 async control check: The RAMB36E1 design_1_i/blk_mem_gen_1/U0/inst_blk_mem_gen/gnbram.gnativebmg.native_blk_mem_gen/valid.cstr/ramloop[0].ram.r/prim_noinit.ram/DEVICE_7SERIES.NO_BMM_INFO.TRUE_DP.SIMPLE_PRIM36.ram has an input control pin design_1_i/blk_mem_gen_1/U0/inst_blk_mem_gen/gnbram.gnativebmg.native_blk_mem_gen/valid.cstr/ramloop[0].ram.r/prim_noinit.ram/DEVICE_7SERIES.NO_BMM_INFO.TRUE_DP.SIMPLE_PRIM36.ram/ENARDEN (net: design_1_i/blk_mem_gen_1/U0/inst_blk_mem_gen/gnbram.gnativebmg.native_blk_mem_gen/valid.cstr/ramloop[0].ram.r/prim_noinit.ram/DEVICE_7SERIES.NO_BMM_INFO.TRUE_DP.SIMPLE_PRIM36.ram_ENARDEN_cooolgate_en_sig_18) which is driven by a register (design_1_i/mem_controller_0/inst/stimmy/a_en_reg) that has an active asychronous set or reset. This may cause corruption of the memory contents and/or read values when the set/reset is asserted and is not analyzed by the default static timing analysis. It is suggested to eliminate the use of a set/reset to registers driving this RAMB pin or else use a synchronous reset in which the assertion of the reset is timed by default.
WARNING: [DRC REQP-1839] RAMB36 async control check: The RAMB36E1 design_1_i/blk_mem_gen_1/U0/inst_blk_mem_gen/gnbram.gnativebmg.native_blk_mem_gen/valid.cstr/ramloop[0].ram.r/prim_noinit.ram/DEVICE_7SERIES.NO_BMM_INFO.TRUE_DP.SIMPLE_PRIM36.ram has an input control pin design_1_i/blk_mem_gen_1/U0/inst_blk_mem_gen/gnbram.gnativebmg.native_blk_mem_gen/valid.cstr/ramloop[0].ram.r/prim_noinit.ram/DEVICE_7SERIES.NO_BMM_INFO.TRUE_DP.SIMPLE_PRIM36.ram/ENARDEN (net: design_1_i/blk_mem_gen_1/U0/inst_blk_mem_gen/gnbram.gnativebmg.native_blk_mem_gen/valid.cstr/ramloop[0].ram.r/prim_noinit.ram/DEVICE_7SERIES.NO_BMM_INFO.TRUE_DP.SIMPLE_PRIM36.ram_ENARDEN_cooolgate_en_sig_18) which is driven by a register (design_1_i/mem_controller_0/inst/stimmy/a_we_reg) that has an active asychronous set or reset. This may cause corruption of the memory contents and/or read values when the set/reset is asserted and is not analyzed by the default static timing analysis. It is suggested to eliminate the use of a set/reset to registers driving this RAMB pin or else use a synchronous reset in which the assertion of the reset is timed by default.
WARNING: [DRC REQP-1839] RAMB36 async control check: The RAMB36E1 design_1_i/blk_mem_gen_1/U0/inst_blk_mem_gen/gnbram.gnativebmg.native_blk_mem_gen/valid.cstr/ramloop[0].ram.r/prim_noinit.ram/DEVICE_7SERIES.NO_BMM_INFO.TRUE_DP.SIMPLE_PRIM36.ram has an input control pin design_1_i/blk_mem_gen_1/U0/inst_blk_mem_gen/gnbram.gnativebmg.native_blk_mem_gen/valid.cstr/ramloop[0].ram.r/prim_noinit.ram/DEVICE_7SERIES.NO_BMM_INFO.TRUE_DP.SIMPLE_PRIM36.ram/ENBWREN (net: design_1_i/blk_mem_gen_1/U0/inst_blk_mem_gen/gnbram.gnativebmg.native_blk_mem_gen/valid.cstr/ramloop[0].ram.r/prim_noinit.ram/enb) which is driven by a register (design_1_i/mem_controller_0/inst/stimmy/a_en_reg) that has an active asychronous set or reset. This may cause corruption of the memory contents and/or read values when the set/reset is asserted and is not analyzed by the default static timing analysis. It is suggested to eliminate the use of a set/reset to registers driving this RAMB pin or else use a synchronous reset in which the assertion of the reset is timed by default.
WARNING: [DRC REQP-1839] RAMB36 async control check: The RAMB36E1 design_1_i/blk_mem_gen_1/U0/inst_blk_mem_gen/gnbram.gnativebmg.native_blk_mem_gen/valid.cstr/ramloop[0].ram.r/prim_noinit.ram/DEVICE_7SERIES.NO_BMM_INFO.TRUE_DP.SIMPLE_PRIM36.ram has an input control pin design_1_i/blk_mem_gen_1/U0/inst_blk_mem_gen/gnbram.gnativebmg.native_blk_mem_gen/valid.cstr/ramloop[0].ram.r/prim_noinit.ram/DEVICE_7SERIES.NO_BMM_INFO.TRUE_DP.SIMPLE_PRIM36.ram/WEA[0] (net: design_1_i/blk_mem_gen_1/U0/inst_blk_mem_gen/gnbram.gnativebmg.native_blk_mem_gen/valid.cstr/ramloop[0].ram.r/prim_noinit.ram/wea[0]) which is driven by a register (design_1_i/mem_controller_0/inst/stimmy/a_we_reg) that has an active asychronous set or reset. This may cause corruption of the memory contents and/or read values when the set/reset is asserted and is not analyzed by the default static timing analysis. It is suggested to eliminate the use of a set/reset to registers driving this RAMB pin or else use a synchronous reset in which the assertion of the reset is timed by default.
WARNING: [DRC REQP-1839] RAMB36 async control check: The RAMB36E1 design_1_i/blk_mem_gen_1/U0/inst_blk_mem_gen/gnbram.gnativebmg.native_blk_mem_gen/valid.cstr/ramloop[0].ram.r/prim_noinit.ram/DEVICE_7SERIES.NO_BMM_INFO.TRUE_DP.SIMPLE_PRIM36.ram has an input control pin design_1_i/blk_mem_gen_1/U0/inst_blk_mem_gen/gnbram.gnativebmg.native_blk_mem_gen/valid.cstr/ramloop[0].ram.r/prim_noinit.ram/DEVICE_7SERIES.NO_BMM_INFO.TRUE_DP.SIMPLE_PRIM36.ram/WEA[1] (net: design_1_i/blk_mem_gen_1/U0/inst_blk_mem_gen/gnbram.gnativebmg.native_blk_mem_gen/valid.cstr/ramloop[0].ram.r/prim_noinit.ram/wea[0]) which is driven by a register (design_1_i/mem_controller_0/inst/stimmy/a_we_reg) that has an active asychronous set or reset. This may cause corruption of the memory contents and/or read values when the set/reset is asserted and is not analyzed by the default static timing analysis. It is suggested to eliminate the use of a set/reset to registers driving this RAMB pin or else use a synchronous reset in which the assertion of the reset is timed by default.
WARNING: [DRC REQP-1839] RAMB36 async control check: The RAMB36E1 design_1_i/blk_mem_gen_1/U0/inst_blk_mem_gen/gnbram.gnativebmg.native_blk_mem_gen/valid.cstr/ramloop[0].ram.r/prim_noinit.ram/DEVICE_7SERIES.NO_BMM_INFO.TRUE_DP.SIMPLE_PRIM36.ram has an input control pin design_1_i/blk_mem_gen_1/U0/inst_blk_mem_gen/gnbram.gnativebmg.native_blk_mem_gen/valid.cstr/ramloop[0].ram.r/prim_noinit.ram/DEVICE_7SERIES.NO_BMM_INFO.TRUE_DP.SIMPLE_PRIM36.ram/WEA[2] (net: design_1_i/blk_mem_gen_1/U0/inst_blk_mem_gen/gnbram.gnativebmg.native_blk_mem_gen/valid.cstr/ramloop[0].ram.r/prim_noinit.ram/wea[0]) which is driven by a register (design_1_i/mem_controller_0/inst/stimmy/a_we_reg) that has an active asychronous set or reset. This may cause corruption of the memory contents and/or read values when the set/reset is asserted and is not analyzed by the default static timing analysis. It is suggested to eliminate the use of a set/reset to registers driving this RAMB pin or else use a synchronous reset in which the assertion of the reset is timed by default.
WARNING: [DRC REQP-1839] RAMB36 async control check: The RAMB36E1 design_1_i/blk_mem_gen_1/U0/inst_blk_mem_gen/gnbram.gnativebmg.native_blk_mem_gen/valid.cstr/ramloop[0].ram.r/prim_noinit.ram/DEVICE_7SERIES.NO_BMM_INFO.TRUE_DP.SIMPLE_PRIM36.ram has an input control pin design_1_i/blk_mem_gen_1/U0/inst_blk_mem_gen/gnbram.gnativebmg.native_blk_mem_gen/valid.cstr/ramloop[0].ram.r/prim_noinit.ram/DEVICE_7SERIES.NO_BMM_INFO.TRUE_DP.SIMPLE_PRIM36.ram/WEA[3] (net: design_1_i/blk_mem_gen_1/U0/inst_blk_mem_gen/gnbram.gnativebmg.native_blk_mem_gen/valid.cstr/ramloop[0].ram.r/prim_noinit.ram/wea[0]) which is driven by a register (design_1_i/mem_controller_0/inst/stimmy/a_we_reg) that has an active asychronous set or reset. This may cause corruption of the memory contents and/or read values when the set/reset is asserted and is not analyzed by the default static timing analysis. It is suggested to eliminate the use of a set/reset to registers driving this RAMB pin or else use a synchronous reset in which the assertion of the reset is timed by default.
WARNING: [DRC REQP-1839] RAMB36 async control check: The RAMB36E1 design_1_i/blk_mem_gen_1/U0/inst_blk_mem_gen/gnbram.gnativebmg.native_blk_mem_gen/valid.cstr/ramloop[0].ram.r/prim_noinit.ram/DEVICE_7SERIES.NO_BMM_INFO.TRUE_DP.SIMPLE_PRIM36.ram has an input control pin design_1_i/blk_mem_gen_1/U0/inst_blk_mem_gen/gnbram.gnativebmg.native_blk_mem_gen/valid.cstr/ramloop[0].ram.r/prim_noinit.ram/DEVICE_7SERIES.NO_BMM_INFO.TRUE_DP.SIMPLE_PRIM36.ram/WEBWE[0] (net: design_1_i/blk_mem_gen_1/U0/inst_blk_mem_gen/gnbram.gnativebmg.native_blk_mem_gen/valid.cstr/ramloop[0].ram.r/prim_noinit.ram/web[0]) which is driven by a register (design_1_i/mem_controller_0/inst/stimmy/a_we_reg) that has an active asychronous set or reset. This may cause corruption of the memory contents and/or read values when the set/reset is asserted and is not analyzed by the default static timing analysis. It is suggested to eliminate the use of a set/reset to registers driving this RAMB pin or else use a synchronous reset in which the assertion of the reset is timed by default.
WARNING: [DRC REQP-1839] RAMB36 async control check: The RAMB36E1 design_1_i/blk_mem_gen_1/U0/inst_blk_mem_gen/gnbram.gnativebmg.native_blk_mem_gen/valid.cstr/ramloop[0].ram.r/prim_noinit.ram/DEVICE_7SERIES.NO_BMM_INFO.TRUE_DP.SIMPLE_PRIM36.ram has an input control pin design_1_i/blk_mem_gen_1/U0/inst_blk_mem_gen/gnbram.gnativebmg.native_blk_mem_gen/valid.cstr/ramloop[0].ram.r/prim_noinit.ram/DEVICE_7SERIES.NO_BMM_INFO.TRUE_DP.SIMPLE_PRIM36.ram/WEBWE[1] (net: design_1_i/blk_mem_gen_1/U0/inst_blk_mem_gen/gnbram.gnativebmg.native_blk_mem_gen/valid.cstr/ramloop[0].ram.r/prim_noinit.ram/web[0]) which is driven by a register (design_1_i/mem_controller_0/inst/stimmy/a_we_reg) that has an active asychronous set or reset. This may cause corruption of the memory contents and/or read values when the set/reset is asserted and is not analyzed by the default static timing analysis. It is suggested to eliminate the use of a set/reset to registers driving this RAMB pin or else use a synchronous reset in which the assertion of the reset is timed by default.
WARNING: [DRC REQP-1839] RAMB36 async control check: The RAMB36E1 design_1_i/blk_mem_gen_1/U0/inst_blk_mem_gen/gnbram.gnativebmg.native_blk_mem_gen/valid.cstr/ramloop[0].ram.r/prim_noinit.ram/DEVICE_7SERIES.NO_BMM_INFO.TRUE_DP.SIMPLE_PRIM36.ram has an input control pin design_1_i/blk_mem_gen_1/U0/inst_blk_mem_gen/gnbram.gnativebmg.native_blk_mem_gen/valid.cstr/ramloop[0].ram.r/prim_noinit.ram/DEVICE_7SERIES.NO_BMM_INFO.TRUE_DP.SIMPLE_PRIM36.ram/WEBWE[2] (net: design_1_i/blk_mem_gen_1/U0/inst_blk_mem_gen/gnbram.gnativebmg.native_blk_mem_gen/valid.cstr/ramloop[0].ram.r/prim_noinit.ram/web[0]) which is driven by a register (design_1_i/mem_controller_0/inst/stimmy/a_we_reg) that has an active asychronous set or reset. This may cause corruption of the memory contents and/or read values when the set/reset is asserted and is not analyzed by the default static timing analysis. It is suggested to eliminate the use of a set/reset to registers driving this RAMB pin or else use a synchronous reset in which the assertion of the reset is timed by default.
WARNING: [DRC REQP-1839] RAMB36 async control check: The RAMB36E1 design_1_i/blk_mem_gen_1/U0/inst_blk_mem_gen/gnbram.gnativebmg.native_blk_mem_gen/valid.cstr/ramloop[0].ram.r/prim_noinit.ram/DEVICE_7SERIES.NO_BMM_INFO.TRUE_DP.SIMPLE_PRIM36.ram has an input control pin design_1_i/blk_mem_gen_1/U0/inst_blk_mem_gen/gnbram.gnativebmg.native_blk_mem_gen/valid.cstr/ramloop[0].ram.r/prim_noinit.ram/DEVICE_7SERIES.NO_BMM_INFO.TRUE_DP.SIMPLE_PRIM36.ram/WEBWE[3] (net: design_1_i/blk_mem_gen_1/U0/inst_blk_mem_gen/gnbram.gnativebmg.native_blk_mem_gen/valid.cstr/ramloop[0].ram.r/prim_noinit.ram/web[0]) which is driven by a register (design_1_i/mem_controller_0/inst/stimmy/a_we_reg) that has an active asychronous set or reset. This may cause corruption of the memory contents and/or read values when the set/reset is asserted and is not analyzed by the default static timing analysis. It is suggested to eliminate the use of a set/reset to registers driving this RAMB pin or else use a synchronous reset in which the assertion of the reset is timed by default.
WARNING: [DRC RTSTAT-10] No routable loads: 85 net(s) have no routable loads. The problem bus(es) and/or net(s) are dbg_hub/inst/BSCANID.u_xsdbm_id/CORE_XSDB.UUT_MASTER/U_ICON_INTERFACE/U_CMD6_RD/U_RD_FIFO/SUBCORE_FIFO.xsdbm_v3_0_0_rdfifo_inst/inst_fifo_gen/gconvfifo.rf/grf.rf/gntv_or_sync_fifo.gl0.rd/gr1.gr1_int.rfwft/aempty_fwft_i, design_1_i/microblaze_0_axi_periph/m00_couplers/auto_ds/inst/gen_downsizer.gen_simple_downsizer.axi_downsizer_inst/USE_WRITE.write_addr_inst/cmd_queue/inst/fifo_gen_inst/inst_fifo_gen/gconvfifo.rf/grf.rf/gntv_or_sync_fifo.gl0.rd/gr1.gr1_int.rfwft/aempty_fwft_i, design_1_i/microblaze_0_axi_periph/m00_couplers/auto_ds/inst/gen_downsizer.gen_simple_downsizer.axi_downsizer_inst/USE_READ.read_addr_inst/cmd_queue/inst/fifo_gen_inst/inst_fifo_gen/gconvfifo.rf/grf.rf/gntv_or_sync_fifo.gl0.rd/gr1.gr1_int.rfwft/aempty_fwft_i, design_1_i/microblaze_0_axi_periph/m02_couplers/auto_ds/inst/gen_downsizer.gen_simple_downsizer.axi_downsizer_inst/USE_WRITE.write_addr_inst/cmd_queue/inst/fifo_gen_inst/inst_fifo_gen/gconvfifo.rf/grf.rf/gntv_or_sync_fifo.gl0.rd/gr1.gr1_int.rfwft/aempty_fwft_i, design_1_i/microblaze_0_axi_periph/m00_couplers/auto_ds/inst/gen_downsizer.gen_simple_downsizer.axi_downsizer_inst/USE_WRITE.write_addr_inst/USE_B_CHANNEL.cmd_b_queue/inst/fifo_gen_inst/inst_fifo_gen/gconvfifo.rf/grf.rf/gntv_or_sync_fifo.gl0.rd/gr1.gr1_int.rfwft/aempty_fwft_i, design_1_i/microblaze_0_axi_periph/m02_couplers/auto_ds/inst/gen_downsizer.gen_simple_downsizer.axi_downsizer_inst/USE_WRITE.write_addr_inst/USE_B_CHANNEL.cmd_b_queue/inst/fifo_gen_inst/inst_fifo_gen/gconvfifo.rf/grf.rf/gntv_or_sync_fifo.gl0.rd/gr1.gr1_int.rfwft/aempty_fwft_i, design_1_i/microblaze_0_axi_periph/m04_couplers/auto_ds/inst/gen_downsizer.gen_simple_downsizer.axi_downsizer_inst/USE_READ.read_addr_inst/cmd_queue/inst/fifo_gen_inst/inst_fifo_gen/gconvfifo.rf/grf.rf/gntv_or_sync_fifo.gl0.rd/gr1.gr1_int.rfwft/aempty_fwft_i, design_1_i/microblaze_0_axi_periph/m04_couplers/auto_ds/inst/gen_downsizer.gen_simple_downsizer.axi_downsizer_inst/USE_WRITE.write_addr_inst/USE_B_CHANNEL.cmd_b_queue/inst/fifo_gen_inst/inst_fifo_gen/gconvfifo.rf/grf.rf/gntv_or_sync_fifo.gl0.rd/gr1.gr1_int.rfwft/aempty_fwft_i, design_1_i/microblaze_0_axi_periph/m04_couplers/auto_ds/inst/gen_downsizer.gen_simple_downsizer.axi_downsizer_inst/USE_WRITE.write_addr_inst/cmd_queue/inst/fifo_gen_inst/inst_fifo_gen/gconvfifo.rf/grf.rf/gntv_or_sync_fifo.gl0.rd/gr1.gr1_int.rfwft/aempty_fwft_i, design_1_i/microblaze_0_axi_periph/m03_couplers/auto_ds/inst/gen_downsizer.gen_simple_downsizer.axi_downsizer_inst/USE_READ.read_addr_inst/cmd_queue/inst/fifo_gen_inst/inst_fifo_gen/gconvfifo.rf/grf.rf/gntv_or_sync_fifo.gl0.rd/gr1.gr1_int.rfwft/aempty_fwft_i, design_1_i/microblaze_0_axi_periph/m03_couplers/auto_ds/inst/gen_downsizer.gen_simple_downsizer.axi_downsizer_inst/USE_WRITE.write_addr_inst/USE_B_CHANNEL.cmd_b_queue/inst/fifo_gen_inst/inst_fifo_gen/gconvfifo.rf/grf.rf/gntv_or_sync_fifo.gl0.rd/gr1.gr1_int.rfwft/aempty_fwft_i, design_1_i/microblaze_0_axi_periph/m02_couplers/auto_ds/inst/gen_downsizer.gen_simple_downsizer.axi_downsizer_inst/USE_READ.read_addr_inst/cmd_queue/inst/fifo_gen_inst/inst_fifo_gen/gconvfifo.rf/grf.rf/gntv_or_sync_fifo.gl0.rd/gr1.gr1_int.rfwft/aempty_fwft_i, design_1_i/microblaze_0_axi_periph/m03_couplers/auto_ds/inst/gen_downsizer.gen_simple_downsizer.axi_downsizer_inst/USE_WRITE.write_addr_inst/cmd_queue/inst/fifo_gen_inst/inst_fifo_gen/gconvfifo.rf/grf.rf/gntv_or_sync_fifo.gl0.rd/gr1.gr1_int.rfwft/aempty_fwft_i, dbg_hub/inst/BSCANID.u_xsdbm_id/CORE_XSDB.UUT_MASTER/U_ICON_INTERFACE/U_CMD7_CTL/ctl_reg[2:0], dbg_hub/inst/BSCANID.u_xsdbm_id/CORE_XSDB.UUT_MASTER/U_ICON_INTERFACE/U_CMD1/ctl_reg_en_2[1]... and (the first 15 of 83 listed).
INFO: [Vivado 12-3199] DRC finished with 0 Errors, 21 Warnings
INFO: [Vivado 12-3200] Please refer to the DRC report (report_drc) for more information.
INFO: [Memdata 28-144] Successfully populated the BRAM INIT strings from the following elf files: c:/Users/khanm/AppData/Roaming/Xilinx/Vivado/proj/DDR_GOLDEN/DDR_GOLDEN.srcs/sources_1/bd/design_1/ip/design_1_microblaze_0_0/data/mb_bootloop_le.elf 
INFO: [Designutils 20-2272] Running write_bitstream with 2 threads.
Loading data files...
Loading site data...
Loading route data...
Processing options...
Creating bitmap...
Creating bitstream...
Writing bitstream ./design_1_wrapper.bit...
INFO: [Vivado 12-1842] Bitgen Completed Successfully.
INFO: [Project 1-120] WebTalk data collection is mandatory when using a WebPACK part without a full Vivado license. To see the specific WebTalk data collected for your design, open the usage_statistics_webtalk.html or usage_statistics_webtalk.xml file in the implementation directory.
INFO: [Common 17-83] Releasing license: Implementation
140 Infos, 145 Warnings, 0 Critical Warnings and 0 Errors encountered.
write_bitstream completed successfully
write_bitstream: Time (s): cpu = 00:00:29 ; elapsed = 00:00:22 . Memory (MB): peak = 2722.266 ; gain = 467.395
INFO: [Common 17-206] Exiting Vivado at Wed Mar 11 21:46:14 2026...
